-- phpMyAdmin SQL Dump
-- version 4.2.10
-- http://www.phpmyadmin.net
--
-- Хост: localhost
-- Время создания: Авг 21 2015 г., 16:54
-- Версия сервера: 5.6.21
-- Версия PHP: 5.6.8

SET FOREIGN_KEY_CHECKS=0;
SET SQL_MODE = "NO_AUTO_VALUE_ON_ZERO";
SET time_zone = "+00:00";


/*!40101 SET @OLD_CHARACTER_SET_CLIENT=@@CHARACTER_SET_CLIENT */;
/*!40101 SET @OLD_CHARACTER_SET_RESULTS=@@CHARACTER_SET_RESULTS */;
/*!40101 SET @OLD_COLLATION_CONNECTION=@@COLLATION_CONNECTION */;
/*!40101 SET NAMES utf8 */;

--
-- База данных: `tickets`
--

--
-- Очистить таблицу перед добавлением данных `config`
--

TRUNCATE TABLE `config`;
--
-- Очистить таблицу перед добавлением данных `events`
--

TRUNCATE TABLE `events`;
--
-- Дамп данных таблицы `events`
--

INSERT INTO `events` (`id`, `representation_id`, `date`) VALUES
(1, 1, '2015-08-22 12:00:00'),
(2, 1, '2015-08-23 15:38:22');

--
-- Очистить таблицу перед добавлением данных `event_seats`
--

TRUNCATE TABLE `event_seats`;
--
-- Дамп данных таблицы `event_seats`
--

INSERT INTO `event_seats` (`id`, `seat_id`, `price`, `event_id`, `last_reservation`, `last_reservation_session_id`, `is_purchased`) VALUES
(1, 1, 1, 1, NULL, NULL, 1),
(2, 12, 1, 1, NULL, NULL, 1),
(3, 20, 1, 1, NULL, NULL, 0),
(4, 14, 1, 1, '2015-08-21 19:42:39', 'lisb9ugb63cm7upl1v2qrvbtu7', 0),
(5, 15, 1, 1, NULL, NULL, 1),
(6, 16, 1, 1, '2015-08-21 19:42:39', 'lisb9ugb63cm7upl1v2qrvbtu7', 0),
(7, 17, 1, 1, NULL, NULL, 0),
(230, 223, 200, 2, NULL, NULL, 1),
(231, 224, 200, 2, NULL, NULL, 0),
(232, 225, 200, 2, NULL, NULL, 0),
(233, 226, 200, 2, NULL, NULL, 0),
(234, 227, 200, 2, NULL, NULL, 0),
(235, 228, 200, 2, NULL, NULL, 0),
(236, 229, 200, 2, NULL, NULL, 0),
(237, 230, 200, 2, NULL, NULL, 0),
(238, 231, 200, 2, NULL, NULL, 0),
(239, 232, 200, 2, NULL, NULL, 0),
(240, 233, 200, 2, NULL, NULL, 0),
(241, 234, 200, 2, NULL, NULL, 0),
(242, 235, 200, 2, NULL, NULL, 1),
(243, 236, 200, 2, NULL, NULL, 0),
(244, 237, 200, 2, NULL, NULL, 0),
(245, 238, 200, 2, NULL, NULL, 0),
(246, 239, 200, 2, NULL, NULL, 0),
(247, 240, 200, 2, NULL, NULL, 0),
(248, 241, 200, 2, NULL, NULL, 0),
(249, 242, 200, 2, NULL, NULL, 0),
(250, 243, 200, 2, NULL, NULL, 0),
(251, 244, 200, 2, NULL, NULL, 0),
(252, 245, 200, 2, NULL, NULL, 0),
(253, 246, 200, 2, NULL, NULL, 0),
(254, 247, 200, 2, NULL, NULL, 0),
(255, 248, 200, 2, NULL, NULL, 0),
(256, 249, 200, 2, NULL, NULL, 0),
(257, 250, 200, 2, NULL, NULL, 0),
(258, 251, 200, 2, NULL, NULL, 0),
(259, 252, 200, 2, NULL, NULL, 0),
(260, 253, 200, 2, NULL, NULL, 0),
(261, 254, 200, 2, NULL, NULL, 0),
(262, 255, 200, 2, NULL, NULL, 0),
(263, 256, 200, 2, NULL, NULL, 0),
(264, 257, 200, 2, NULL, NULL, 0),
(265, 258, 200, 2, NULL, NULL, 0),
(266, 259, 200, 2, NULL, NULL, 0),
(267, 260, 200, 2, NULL, NULL, 0),
(268, 261, 200, 2, NULL, NULL, 0),
(269, 262, 200, 2, NULL, NULL, 0),
(270, 263, 200, 2, NULL, NULL, 0),
(271, 264, 200, 2, NULL, NULL, 0),
(272, 265, 200, 2, NULL, NULL, 0),
(273, 266, 200, 2, NULL, NULL, 0),
(274, 267, 200, 2, NULL, NULL, 0),
(275, 268, 200, 2, NULL, NULL, 0),
(276, 269, 200, 2, NULL, NULL, 0),
(277, 270, 200, 2, NULL, NULL, 0),
(278, 271, 200, 2, NULL, NULL, 0),
(279, 272, 200, 2, NULL, NULL, 0),
(280, 273, 200, 2, NULL, NULL, 0),
(281, 274, 200, 2, NULL, NULL, 0),
(282, 275, 200, 2, NULL, NULL, 0),
(283, 276, 200, 2, NULL, NULL, 0),
(284, 277, 200, 2, NULL, NULL, 0),
(285, 278, 200, 2, NULL, NULL, 0),
(286, 279, 200, 2, NULL, NULL, 0),
(287, 280, 200, 2, NULL, NULL, 0),
(288, 281, 200, 2, NULL, NULL, 0),
(289, 282, 200, 2, NULL, NULL, 0),
(290, 283, 200, 2, NULL, NULL, 0),
(291, 284, 200, 2, NULL, NULL, 0),
(292, 285, 200, 2, NULL, NULL, 0),
(293, 286, 200, 2, NULL, NULL, 0),
(294, 287, 200, 2, NULL, NULL, 0),
(295, 288, 200, 2, NULL, NULL, 0),
(296, 289, 200, 2, NULL, NULL, 0),
(297, 290, 200, 2, NULL, NULL, 0),
(298, 291, 200, 2, NULL, NULL, 0),
(299, 292, 200, 2, NULL, NULL, 0),
(300, 293, 200, 2, NULL, NULL, 0),
(301, 294, 200, 2, NULL, NULL, 0),
(302, 295, 200, 2, NULL, NULL, 0),
(303, 296, 200, 2, NULL, NULL, 0),
(304, 297, 200, 2, NULL, NULL, 0),
(305, 298, 200, 2, NULL, NULL, 0),
(306, 299, 200, 2, NULL, NULL, 0),
(307, 300, 200, 2, NULL, NULL, 0),
(308, 301, 200, 2, NULL, NULL, 0),
(309, 302, 200, 2, NULL, NULL, 0),
(310, 303, 200, 2, NULL, NULL, 0),
(311, 304, 200, 2, NULL, NULL, 0),
(312, 305, 200, 2, NULL, NULL, 0),
(313, 306, 200, 2, NULL, NULL, 0),
(314, 307, 200, 2, NULL, NULL, 0),
(315, 308, 200, 2, NULL, NULL, 0),
(316, 309, 200, 2, NULL, NULL, 0),
(317, 310, 200, 2, NULL, NULL, 0),
(318, 311, 200, 2, NULL, NULL, 0),
(319, 312, 200, 2, NULL, NULL, 0),
(320, 313, 200, 2, NULL, NULL, 0),
(321, 314, 200, 2, NULL, NULL, 0),
(322, 315, 200, 2, NULL, NULL, 0),
(323, 316, 200, 2, NULL, NULL, 0),
(324, 317, 200, 2, NULL, NULL, 1),
(325, 318, 200, 2, NULL, NULL, 0),
(326, 319, 200, 2, NULL, NULL, 0),
(327, 320, 200, 2, NULL, NULL, 0),
(328, 321, 200, 2, NULL, NULL, 0),
(329, 322, 200, 2, NULL, NULL, 0),
(330, 323, 200, 2, NULL, NULL, 0),
(331, 324, 200, 2, NULL, NULL, 0),
(332, 325, 200, 2, NULL, NULL, 0),
(333, 326, 200, 2, NULL, NULL, 0),
(334, 327, 200, 2, NULL, NULL, 0),
(335, 328, 200, 2, NULL, NULL, 0),
(336, 329, 200, 2, NULL, NULL, 0),
(337, 330, 200, 2, NULL, NULL, 0),
(338, 331, 200, 2, NULL, NULL, 0),
(339, 332, 200, 2, NULL, NULL, 0),
(340, 333, 200, 2, NULL, NULL, 0),
(341, 334, 200, 2, NULL, NULL, 0),
(342, 335, 200, 2, NULL, NULL, 0),
(343, 336, 200, 2, NULL, NULL, 0),
(344, 337, 200, 2, NULL, NULL, 0),
(345, 338, 200, 2, NULL, NULL, 0),
(346, 339, 200, 2, NULL, NULL, 0),
(347, 340, 200, 2, NULL, NULL, 0),
(348, 341, 200, 2, NULL, NULL, 0),
(349, 342, 200, 2, NULL, NULL, 0),
(350, 343, 200, 2, NULL, NULL, 0),
(351, 344, 200, 2, NULL, NULL, 0),
(352, 345, 200, 2, NULL, NULL, 0),
(353, 346, 200, 2, NULL, NULL, 0),
(354, 347, 200, 2, NULL, NULL, 0),
(355, 348, 200, 2, NULL, NULL, 0),
(356, 349, 200, 2, NULL, NULL, 0),
(357, 350, 200, 2, NULL, NULL, 0),
(358, 351, 200, 2, NULL, NULL, 0),
(359, 352, 200, 2, NULL, NULL, 0),
(360, 353, 200, 2, NULL, NULL, 0),
(361, 354, 200, 2, NULL, NULL, 0),
(362, 355, 200, 2, NULL, NULL, 0),
(363, 356, 200, 2, NULL, NULL, 0),
(364, 357, 200, 2, NULL, NULL, 0),
(365, 358, 200, 2, NULL, NULL, 0),
(366, 359, 200, 2, NULL, NULL, 0),
(367, 360, 200, 2, NULL, NULL, 0),
(368, 361, 200, 2, NULL, NULL, 0),
(369, 362, 200, 2, NULL, NULL, 0),
(370, 363, 200, 2, NULL, NULL, 0),
(371, 364, 200, 2, NULL, NULL, 0),
(372, 365, 200, 2, NULL, NULL, 0),
(373, 366, 200, 2, NULL, NULL, 0),
(374, 367, 200, 2, NULL, NULL, 0),
(375, 368, 200, 2, NULL, NULL, 0),
(376, 369, 200, 2, NULL, NULL, 0),
(377, 370, 200, 2, NULL, NULL, 0),
(378, 371, 200, 2, NULL, NULL, 1),
(379, 372, 200, 2, NULL, NULL, 0),
(380, 373, 200, 2, NULL, NULL, 0),
(381, 374, 200, 2, NULL, NULL, 0),
(382, 375, 200, 2, NULL, NULL, 0),
(383, 376, 200, 2, NULL, NULL, 0),
(384, 377, 200, 2, NULL, NULL, 0),
(385, 378, 200, 2, NULL, NULL, 0),
(386, 379, 200, 2, NULL, NULL, 0),
(387, 380, 200, 2, NULL, NULL, 0),
(388, 381, 200, 2, NULL, NULL, 0),
(389, 382, 200, 2, NULL, NULL, 0),
(390, 383, 200, 2, NULL, NULL, 0),
(391, 384, 200, 2, NULL, NULL, 0),
(392, 385, 200, 2, NULL, NULL, 0),
(393, 386, 200, 2, NULL, NULL, 0),
(394, 387, 200, 2, NULL, NULL, 0),
(395, 388, 200, 2, NULL, NULL, 0),
(396, 389, 200, 2, NULL, NULL, 0),
(397, 390, 200, 2, NULL, NULL, 0),
(398, 391, 200, 2, NULL, NULL, 0),
(399, 392, 200, 2, NULL, NULL, 0),
(400, 393, 200, 2, NULL, NULL, 0),
(401, 394, 200, 2, NULL, NULL, 0),
(402, 395, 200, 2, NULL, NULL, 0),
(403, 396, 200, 2, NULL, NULL, 0),
(404, 397, 200, 2, NULL, NULL, 0),
(405, 398, 200, 2, NULL, NULL, 0),
(406, 399, 200, 2, NULL, NULL, 0),
(407, 400, 200, 2, NULL, NULL, 0),
(408, 401, 200, 2, NULL, NULL, 0),
(409, 402, 200, 2, NULL, NULL, 0),
(410, 403, 200, 2, NULL, NULL, 0),
(411, 404, 200, 2, NULL, NULL, 0),
(412, 405, 200, 2, NULL, NULL, 0),
(413, 406, 200, 2, NULL, NULL, 0),
(414, 407, 200, 2, NULL, NULL, 0),
(415, 408, 200, 2, NULL, NULL, 0),
(416, 409, 200, 2, NULL, NULL, 0),
(417, 410, 200, 2, NULL, NULL, 0),
(418, 411, 200, 2, NULL, NULL, 0),
(419, 412, 200, 2, NULL, NULL, 0),
(420, 413, 200, 2, NULL, NULL, 0),
(421, 414, 200, 2, NULL, NULL, 0),
(422, 415, 200, 2, NULL, NULL, 0),
(423, 416, 200, 2, NULL, NULL, 0),
(424, 417, 200, 2, NULL, NULL, 0),
(425, 418, 200, 2, NULL, NULL, 0),
(426, 419, 200, 2, NULL, NULL, 0),
(427, 420, 200, 2, NULL, NULL, 0),
(428, 421, 200, 2, NULL, NULL, 1),
(429, 422, 200, 2, NULL, NULL, 0),
(430, 423, 200, 2, NULL, NULL, 0),
(431, 424, 200, 2, NULL, NULL, 0),
(432, 425, 200, 2, NULL, NULL, 0),
(433, 426, 200, 2, NULL, NULL, 0),
(434, 427, 200, 2, NULL, NULL, 0),
(435, 428, 200, 2, NULL, NULL, 0),
(436, 429, 200, 2, NULL, NULL, 0),
(437, 430, 200, 2, NULL, NULL, 0),
(438, 431, 200, 2, NULL, NULL, 0),
(439, 432, 200, 2, NULL, NULL, 0),
(440, 433, 200, 2, NULL, NULL, 0),
(441, 434, 200, 2, NULL, NULL, 0),
(442, 435, 200, 2, NULL, NULL, 0),
(443, 436, 200, 2, NULL, NULL, 0),
(444, 437, 200, 2, NULL, NULL, 0),
(445, 438, 200, 2, NULL, NULL, 0),
(446, 439, 200, 2, NULL, NULL, 0),
(447, 440, 200, 2, NULL, NULL, 0),
(448, 441, 200, 2, NULL, NULL, 0),
(449, 442, 200, 2, NULL, NULL, 0),
(450, 443, 200, 2, NULL, NULL, 0),
(451, 444, 200, 2, NULL, NULL, 0),
(452, 445, 200, 2, NULL, NULL, 0),
(453, 446, 200, 2, NULL, NULL, 0),
(454, 447, 200, 2, NULL, NULL, 0),
(455, 448, 200, 2, NULL, NULL, 0),
(456, 449, 200, 2, NULL, NULL, 0),
(457, 450, 200, 2, NULL, NULL, 0),
(458, 451, 200, 2, NULL, NULL, 0),
(459, 452, 200, 2, NULL, NULL, 0),
(460, 453, 200, 2, NULL, NULL, 0),
(461, 454, 200, 2, NULL, NULL, 0),
(462, 455, 200, 2, NULL, NULL, 0),
(463, 456, 200, 2, NULL, NULL, 0),
(464, 457, 200, 2, NULL, NULL, 0),
(465, 458, 200, 2, NULL, NULL, 0),
(466, 459, 200, 2, NULL, NULL, 0),
(467, 460, 200, 2, NULL, NULL, 0),
(468, 461, 200, 2, NULL, NULL, 0),
(469, 462, 200, 2, NULL, NULL, 0),
(470, 463, 200, 2, NULL, NULL, 0),
(471, 464, 200, 2, NULL, NULL, 0),
(472, 465, 200, 2, NULL, NULL, 0),
(473, 466, 200, 2, NULL, NULL, 0),
(474, 467, 200, 2, NULL, NULL, 0),
(475, 468, 200, 2, NULL, NULL, 0),
(476, 469, 200, 2, NULL, NULL, 0),
(477, 470, 200, 2, NULL, NULL, 0),
(478, 471, 200, 2, NULL, NULL, 0),
(479, 472, 200, 2, NULL, NULL, 0),
(480, 473, 200, 2, NULL, NULL, 0),
(481, 474, 200, 2, NULL, NULL, 0),
(482, 475, 200, 2, NULL, NULL, 0),
(483, 476, 200, 2, NULL, NULL, 0),
(484, 477, 200, 2, NULL, NULL, 0),
(485, 478, 200, 2, NULL, NULL, 0),
(486, 479, 200, 2, NULL, NULL, 0),
(487, 480, 200, 2, NULL, NULL, 0),
(488, 481, 200, 2, NULL, NULL, 0),
(489, 482, 200, 2, NULL, NULL, 0),
(490, 483, 200, 2, NULL, NULL, 0),
(491, 484, 200, 2, NULL, NULL, 0),
(492, 485, 200, 2, NULL, NULL, 0),
(493, 486, 200, 2, NULL, NULL, 0),
(494, 487, 200, 2, NULL, NULL, 0),
(495, 488, 200, 2, NULL, NULL, 0),
(496, 489, 200, 2, NULL, NULL, 0),
(497, 490, 200, 2, NULL, NULL, 0),
(498, 491, 200, 2, NULL, NULL, 0),
(499, 492, 200, 2, NULL, NULL, 0),
(500, 493, 200, 2, NULL, NULL, 0),
(501, 494, 200, 2, NULL, NULL, 0),
(502, 495, 200, 2, NULL, NULL, 0),
(503, 496, 200, 2, NULL, NULL, 0),
(504, 497, 200, 2, NULL, NULL, 0),
(505, 498, 200, 2, NULL, NULL, 0),
(506, 499, 200, 2, NULL, NULL, 0),
(507, 500, 200, 2, NULL, NULL, 0),
(508, 501, 200, 2, NULL, NULL, 0),
(509, 502, 200, 2, NULL, NULL, 0),
(510, 503, 200, 2, NULL, NULL, 0),
(511, 504, 200, 2, NULL, NULL, 0),
(512, 505, 200, 2, NULL, NULL, 0),
(513, 506, 200, 2, NULL, NULL, 0),
(514, 507, 200, 2, NULL, NULL, 0),
(515, 508, 200, 2, NULL, NULL, 0),
(516, 509, 200, 2, NULL, NULL, 0),
(517, 510, 200, 2, NULL, NULL, 0),
(518, 511, 200, 2, NULL, NULL, 0),
(519, 512, 200, 2, NULL, NULL, 0),
(520, 513, 200, 2, NULL, NULL, 0),
(521, 514, 200, 2, NULL, NULL, 0),
(522, 515, 200, 2, NULL, NULL, 0),
(523, 516, 200, 2, NULL, NULL, 0),
(524, 517, 200, 2, NULL, NULL, 0),
(525, 518, 200, 2, NULL, NULL, 0),
(526, 519, 200, 2, NULL, NULL, 0),
(527, 520, 200, 2, NULL, NULL, 0),
(528, 521, 200, 2, NULL, NULL, 0),
(529, 522, 200, 2, NULL, NULL, 0),
(530, 523, 200, 2, NULL, NULL, 0),
(531, 524, 200, 2, NULL, NULL, 0),
(532, 525, 200, 2, NULL, NULL, 0),
(533, 526, 200, 2, NULL, NULL, 0),
(534, 527, 200, 2, NULL, NULL, 0),
(535, 528, 200, 2, NULL, NULL, 0),
(536, 529, 200, 2, NULL, NULL, 0),
(537, 530, 200, 2, NULL, NULL, 1),
(538, 531, 200, 2, NULL, NULL, 0),
(539, 532, 200, 2, NULL, NULL, 0),
(540, 533, 200, 2, NULL, NULL, 0),
(541, 534, 200, 2, NULL, NULL, 0),
(542, 535, 200, 2, NULL, NULL, 0),
(543, 536, 200, 2, NULL, NULL, 0),
(544, 537, 200, 2, NULL, NULL, 0),
(545, 538, 200, 2, NULL, NULL, 0),
(546, 539, 200, 2, NULL, NULL, 0),
(547, 540, 200, 2, NULL, NULL, 0),
(548, 541, 200, 2, NULL, NULL, 0),
(549, 542, 200, 2, NULL, NULL, 0),
(550, 543, 200, 2, NULL, NULL, 0),
(551, 544, 200, 2, NULL, NULL, 0),
(552, 545, 200, 2, NULL, NULL, 0),
(553, 546, 200, 2, NULL, NULL, 0),
(554, 547, 200, 2, NULL, NULL, 0),
(555, 548, 200, 2, NULL, NULL, 0),
(556, 549, 200, 2, NULL, NULL, 0),
(557, 550, 200, 2, NULL, NULL, 0),
(558, 551, 200, 2, NULL, NULL, 0),
(559, 552, 200, 2, NULL, NULL, 0),
(560, 553, 200, 2, NULL, NULL, 0),
(561, 554, 200, 2, NULL, NULL, 0),
(562, 555, 200, 2, NULL, NULL, 0),
(563, 556, 200, 2, NULL, NULL, 0),
(564, 557, 200, 2, NULL, NULL, 0),
(565, 558, 200, 2, NULL, NULL, 0),
(566, 559, 200, 2, NULL, NULL, 0),
(567, 560, 200, 2, NULL, NULL, 0),
(568, 561, 200, 2, NULL, NULL, 0),
(569, 562, 200, 2, NULL, NULL, 0),
(570, 563, 200, 2, NULL, NULL, 0),
(571, 564, 200, 2, NULL, NULL, 0),
(572, 565, 200, 2, NULL, NULL, 0),
(573, 566, 200, 2, NULL, NULL, 0),
(574, 567, 200, 2, NULL, NULL, 0),
(575, 568, 200, 2, NULL, NULL, 0),
(576, 569, 200, 2, NULL, NULL, 0),
(577, 570, 200, 2, NULL, NULL, 0),
(578, 571, 200, 2, NULL, NULL, 0),
(579, 572, 200, 2, NULL, NULL, 0),
(580, 573, 200, 2, NULL, NULL, 0),
(581, 574, 200, 2, NULL, NULL, 0),
(582, 575, 200, 2, NULL, NULL, 0),
(583, 576, 200, 2, NULL, NULL, 0),
(584, 577, 200, 2, NULL, NULL, 0),
(585, 578, 200, 2, NULL, NULL, 0),
(586, 579, 200, 2, NULL, NULL, 0),
(587, 580, 200, 2, NULL, NULL, 0),
(588, 581, 200, 2, NULL, NULL, 0),
(589, 582, 200, 2, NULL, NULL, 0),
(590, 583, 200, 2, NULL, NULL, 0),
(591, 584, 200, 2, NULL, NULL, 0),
(592, 585, 200, 2, NULL, NULL, 0),
(593, 586, 200, 2, NULL, NULL, 0),
(594, 587, 200, 2, NULL, NULL, 0),
(595, 588, 200, 2, NULL, NULL, 0),
(596, 589, 200, 2, NULL, NULL, 0),
(597, 590, 200, 2, NULL, NULL, 0),
(598, 591, 200, 2, NULL, NULL, 0),
(599, 592, 200, 2, NULL, NULL, 0),
(600, 593, 200, 2, NULL, NULL, 0),
(601, 594, 200, 2, NULL, NULL, 0),
(602, 595, 200, 2, NULL, NULL, 0),
(603, 596, 200, 2, NULL, NULL, 0),
(604, 597, 200, 2, NULL, NULL, 0),
(605, 598, 200, 2, NULL, NULL, 0),
(606, 599, 200, 2, NULL, NULL, 0),
(607, 600, 200, 2, NULL, NULL, 0),
(608, 601, 200, 2, NULL, NULL, 0),
(609, 602, 200, 2, NULL, NULL, 0),
(610, 603, 200, 2, NULL, NULL, 0),
(611, 604, 200, 2, NULL, NULL, 0),
(612, 605, 200, 2, NULL, NULL, 0),
(613, 606, 200, 2, NULL, NULL, 0),
(614, 607, 200, 2, NULL, NULL, 0),
(615, 608, 200, 2, NULL, NULL, 0),
(616, 609, 200, 2, NULL, NULL, 0),
(617, 610, 200, 2, NULL, NULL, 0),
(618, 611, 200, 2, NULL, NULL, 0),
(619, 612, 200, 2, NULL, NULL, 0),
(620, 613, 200, 2, NULL, NULL, 0),
(621, 614, 200, 2, NULL, NULL, 0),
(622, 615, 200, 2, NULL, NULL, 0),
(623, 616, 200, 2, NULL, NULL, 0),
(624, 617, 200, 2, NULL, NULL, 0),
(625, 618, 200, 2, NULL, NULL, 0),
(626, 619, 200, 2, NULL, NULL, 0),
(627, 620, 200, 2, NULL, NULL, 0),
(628, 621, 200, 2, NULL, NULL, 0),
(629, 622, 200, 2, NULL, NULL, 0),
(630, 623, 200, 2, NULL, NULL, 0),
(631, 624, 200, 2, NULL, NULL, 0),
(632, 625, 200, 2, NULL, NULL, 0),
(633, 626, 200, 2, NULL, NULL, 0),
(634, 627, 200, 2, NULL, NULL, 0),
(635, 628, 200, 2, NULL, NULL, 0),
(636, 629, 200, 2, NULL, NULL, 0),
(637, 630, 200, 2, NULL, NULL, 0),
(638, 631, 200, 2, NULL, NULL, 0),
(639, 632, 200, 2, NULL, NULL, 0),
(640, 633, 200, 2, NULL, NULL, 0),
(641, 634, 200, 2, NULL, NULL, 0),
(642, 635, 200, 2, NULL, NULL, 0),
(643, 636, 200, 2, NULL, NULL, 0),
(644, 637, 200, 2, NULL, NULL, 0),
(645, 638, 200, 2, NULL, NULL, 0),
(646, 639, 200, 2, NULL, NULL, 0),
(647, 640, 200, 2, NULL, NULL, 0),
(648, 641, 200, 2, NULL, NULL, 0),
(649, 642, 200, 2, NULL, NULL, 0),
(650, 643, 200, 2, NULL, NULL, 0),
(651, 644, 200, 2, NULL, NULL, 0),
(652, 645, 200, 2, NULL, NULL, 0),
(653, 646, 200, 2, NULL, NULL, 0),
(654, 647, 200, 2, NULL, NULL, 0),
(655, 648, 200, 2, NULL, NULL, 0),
(656, 649, 200, 2, NULL, NULL, 0),
(657, 650, 200, 2, NULL, NULL, 0),
(658, 651, 200, 2, NULL, NULL, 0),
(659, 652, 200, 2, NULL, NULL, 0),
(660, 653, 200, 2, NULL, NULL, 0),
(661, 654, 200, 2, NULL, NULL, 0),
(662, 655, 200, 2, NULL, NULL, 0),
(663, 656, 200, 2, NULL, NULL, 0),
(664, 657, 200, 2, NULL, NULL, 0),
(665, 658, 200, 2, NULL, NULL, 0),
(666, 659, 200, 2, NULL, NULL, 0),
(667, 660, 200, 2, NULL, NULL, 0),
(668, 661, 200, 2, NULL, NULL, 0),
(669, 662, 200, 2, NULL, NULL, 0),
(670, 663, 200, 2, NULL, NULL, 0),
(671, 664, 200, 2, NULL, NULL, 0),
(672, 665, 200, 2, NULL, NULL, 0),
(673, 666, 200, 2, NULL, NULL, 0),
(674, 667, 200, 2, NULL, NULL, 0),
(675, 668, 200, 2, NULL, NULL, 0),
(676, 669, 200, 2, NULL, NULL, 0),
(677, 670, 200, 2, NULL, NULL, 0),
(678, 671, 200, 2, NULL, NULL, 0),
(679, 672, 200, 2, NULL, NULL, 0),
(680, 673, 200, 2, NULL, NULL, 0),
(681, 674, 200, 2, NULL, NULL, 0),
(682, 675, 200, 2, NULL, NULL, 0),
(683, 676, 200, 2, NULL, NULL, 0),
(684, 677, 200, 2, NULL, NULL, 0),
(685, 678, 200, 2, NULL, NULL, 0),
(686, 679, 200, 2, NULL, NULL, 0),
(687, 680, 200, 2, NULL, NULL, 0),
(688, 681, 200, 2, NULL, NULL, 0),
(689, 682, 200, 2, NULL, NULL, 0),
(690, 683, 200, 2, NULL, NULL, 0),
(691, 684, 200, 2, NULL, NULL, 0),
(692, 685, 200, 2, NULL, NULL, 0),
(693, 686, 200, 2, NULL, NULL, 0),
(694, 687, 200, 2, NULL, NULL, 0),
(695, 688, 200, 2, NULL, NULL, 0),
(696, 689, 200, 2, NULL, NULL, 0),
(697, 690, 200, 2, NULL, NULL, 0),
(698, 691, 200, 2, NULL, NULL, 0),
(699, 692, 200, 2, NULL, NULL, 0),
(700, 693, 200, 2, NULL, NULL, 0),
(701, 694, 200, 2, NULL, NULL, 0),
(702, 695, 200, 2, NULL, NULL, 0),
(703, 696, 200, 2, NULL, NULL, 0),
(704, 697, 200, 2, NULL, NULL, 0),
(705, 698, 200, 2, NULL, NULL, 0),
(706, 699, 200, 2, NULL, NULL, 0),
(707, 700, 200, 2, NULL, NULL, 0),
(708, 701, 200, 2, NULL, NULL, 0),
(709, 702, 200, 2, NULL, NULL, 0),
(710, 703, 200, 2, NULL, NULL, 0),
(711, 704, 200, 2, NULL, NULL, 0),
(712, 705, 200, 2, NULL, NULL, 0),
(713, 706, 200, 2, NULL, NULL, 0),
(714, 707, 200, 2, NULL, NULL, 0),
(715, 708, 200, 2, NULL, NULL, 0),
(716, 709, 200, 2, NULL, NULL, 0),
(717, 710, 200, 2, NULL, NULL, 0),
(718, 711, 200, 2, NULL, NULL, 0),
(719, 712, 200, 2, NULL, NULL, 0),
(720, 713, 200, 2, NULL, NULL, 0),
(721, 714, 200, 2, NULL, NULL, 0),
(722, 715, 200, 2, NULL, NULL, 0),
(723, 716, 200, 2, NULL, NULL, 0),
(724, 717, 200, 2, NULL, NULL, 0),
(725, 718, 200, 2, NULL, NULL, 0),
(726, 719, 200, 2, NULL, NULL, 0),
(727, 720, 200, 2, NULL, NULL, 0),
(728, 721, 200, 2, NULL, NULL, 0),
(729, 722, 200, 2, NULL, NULL, 0),
(730, 723, 200, 2, NULL, NULL, 0),
(731, 724, 200, 2, NULL, NULL, 0),
(732, 725, 200, 2, NULL, NULL, 0),
(733, 726, 200, 2, NULL, NULL, 0),
(734, 727, 200, 2, NULL, NULL, 0),
(735, 728, 200, 2, NULL, NULL, 0),
(736, 729, 200, 2, NULL, NULL, 0),
(737, 730, 200, 2, NULL, NULL, 0),
(738, 731, 200, 2, NULL, NULL, 0),
(739, 732, 200, 2, NULL, NULL, 0),
(740, 733, 200, 2, NULL, NULL, 0),
(741, 734, 200, 2, NULL, NULL, 0),
(742, 735, 200, 2, NULL, NULL, 0),
(743, 736, 200, 2, NULL, NULL, 0),
(744, 737, 200, 2, NULL, NULL, 0),
(745, 738, 200, 2, NULL, NULL, 0),
(746, 739, 200, 2, NULL, NULL, 0),
(747, 740, 200, 2, NULL, NULL, 0),
(748, 741, 200, 2, NULL, NULL, 0),
(749, 742, 200, 2, NULL, NULL, 0),
(750, 743, 200, 2, NULL, NULL, 0),
(751, 744, 200, 2, NULL, NULL, 0),
(752, 745, 200, 2, NULL, NULL, 0),
(753, 746, 200, 2, NULL, NULL, 0),
(754, 747, 200, 2, NULL, NULL, 0),
(755, 748, 200, 2, NULL, NULL, 0),
(756, 749, 200, 2, NULL, NULL, 0),
(757, 750, 200, 2, NULL, NULL, 0),
(758, 751, 200, 2, NULL, NULL, 0),
(759, 752, 200, 2, NULL, NULL, 0),
(760, 753, 200, 2, NULL, NULL, 0),
(761, 754, 200, 2, NULL, NULL, 0),
(762, 755, 200, 2, NULL, NULL, 0),
(763, 756, 200, 2, NULL, NULL, 0),
(764, 757, 200, 2, NULL, NULL, 0),
(765, 758, 200, 2, NULL, NULL, 0),
(766, 759, 200, 2, NULL, NULL, 0),
(767, 760, 200, 2, NULL, NULL, 0),
(768, 761, 200, 2, NULL, NULL, 0),
(769, 762, 200, 2, NULL, NULL, 0),
(770, 763, 200, 2, NULL, NULL, 0),
(771, 764, 200, 2, NULL, NULL, 0),
(772, 765, 200, 2, NULL, NULL, 0),
(773, 766, 200, 2, NULL, NULL, 0),
(774, 767, 200, 2, NULL, NULL, 0),
(775, 768, 200, 2, NULL, NULL, 0),
(776, 769, 200, 2, NULL, NULL, 0),
(777, 770, 200, 2, NULL, NULL, 0),
(778, 771, 200, 2, NULL, NULL, 0),
(779, 772, 200, 2, NULL, NULL, 0),
(780, 773, 200, 2, NULL, NULL, 0),
(781, 774, 200, 2, NULL, NULL, 0),
(782, 775, 200, 2, NULL, NULL, 0),
(783, 776, 200, 2, NULL, NULL, 0),
(784, 777, 200, 2, NULL, NULL, 0),
(785, 778, 200, 2, NULL, NULL, 0),
(786, 779, 200, 2, NULL, NULL, 0),
(787, 780, 200, 2, NULL, NULL, 0),
(788, 781, 200, 2, NULL, NULL, 0),
(789, 782, 200, 2, NULL, NULL, 0),
(790, 783, 200, 2, NULL, NULL, 0),
(791, 784, 200, 2, NULL, NULL, 0),
(792, 785, 200, 2, NULL, NULL, 0),
(793, 786, 200, 2, NULL, NULL, 0),
(794, 787, 200, 2, NULL, NULL, 0),
(795, 788, 200, 2, NULL, NULL, 0),
(796, 789, 200, 2, NULL, NULL, 0),
(797, 790, 200, 2, NULL, NULL, 0),
(798, 791, 200, 2, NULL, NULL, 0),
(799, 792, 200, 2, NULL, NULL, 0),
(800, 793, 200, 2, NULL, NULL, 0),
(801, 794, 200, 2, NULL, NULL, 0),
(802, 795, 200, 2, NULL, NULL, 0),
(803, 796, 200, 2, NULL, NULL, 0),
(804, 797, 200, 2, NULL, NULL, 0),
(805, 798, 200, 2, NULL, NULL, 0),
(806, 799, 200, 2, NULL, NULL, 0),
(807, 800, 200, 2, NULL, NULL, 0),
(808, 801, 200, 2, NULL, NULL, 0),
(809, 802, 200, 2, NULL, NULL, 0),
(810, 803, 200, 2, NULL, NULL, 0),
(811, 804, 200, 2, NULL, NULL, 0),
(812, 805, 200, 2, NULL, NULL, 0),
(813, 806, 200, 2, NULL, NULL, 0),
(814, 807, 200, 2, NULL, NULL, 0),
(815, 808, 200, 2, NULL, NULL, 0),
(816, 809, 200, 2, NULL, NULL, 0),
(817, 810, 200, 2, NULL, NULL, 0),
(818, 811, 200, 2, NULL, NULL, 0),
(819, 812, 200, 2, NULL, NULL, 0),
(820, 813, 200, 2, NULL, NULL, 0),
(821, 814, 200, 2, NULL, NULL, 0),
(822, 815, 200, 2, NULL, NULL, 0),
(823, 816, 200, 2, NULL, NULL, 0),
(824, 817, 200, 2, NULL, NULL, 0),
(825, 818, 200, 2, NULL, NULL, 0),
(826, 819, 200, 2, NULL, NULL, 0),
(827, 820, 200, 2, NULL, NULL, 0),
(828, 821, 200, 2, NULL, NULL, 0),
(829, 822, 200, 2, NULL, NULL, 0),
(830, 823, 200, 2, NULL, NULL, 0),
(831, 824, 200, 2, NULL, NULL, 0),
(832, 825, 200, 2, NULL, NULL, 0),
(833, 826, 200, 2, NULL, NULL, 0),
(834, 827, 200, 2, NULL, NULL, 0),
(835, 828, 200, 2, NULL, NULL, 0),
(836, 829, 200, 2, NULL, NULL, 0),
(837, 830, 200, 2, NULL, NULL, 0),
(838, 831, 200, 2, NULL, NULL, 0),
(839, 832, 200, 2, NULL, NULL, 0),
(840, 833, 200, 2, NULL, NULL, 0),
(841, 834, 200, 2, NULL, NULL, 0),
(842, 835, 200, 2, NULL, NULL, 0),
(843, 836, 200, 2, NULL, NULL, 0),
(844, 837, 200, 2, NULL, NULL, 0),
(845, 838, 200, 2, NULL, NULL, 0),
(846, 839, 200, 2, NULL, NULL, 0),
(847, 840, 200, 2, NULL, NULL, 0),
(848, 841, 200, 2, NULL, NULL, 0),
(849, 842, 200, 2, NULL, NULL, 0),
(850, 843, 200, 2, NULL, NULL, 0),
(851, 844, 200, 2, NULL, NULL, 0),
(852, 845, 200, 2, NULL, NULL, 0),
(853, 846, 200, 2, NULL, NULL, 0),
(854, 847, 200, 2, NULL, NULL, 0),
(855, 848, 200, 2, NULL, NULL, 0),
(856, 849, 200, 2, NULL, NULL, 0),
(857, 850, 200, 2, NULL, NULL, 0),
(858, 851, 200, 2, NULL, NULL, 0),
(859, 852, 200, 2, NULL, NULL, 0),
(860, 853, 200, 2, NULL, NULL, 0),
(861, 854, 200, 2, NULL, NULL, 0),
(862, 855, 200, 2, NULL, NULL, 0),
(863, 856, 200, 2, NULL, NULL, 0),
(864, 857, 200, 2, NULL, NULL, 0),
(865, 858, 200, 2, NULL, NULL, 0),
(866, 859, 200, 2, NULL, NULL, 0),
(867, 860, 200, 2, NULL, NULL, 0),
(868, 861, 200, 2, NULL, NULL, 0),
(869, 862, 200, 2, NULL, NULL, 0),
(870, 863, 200, 2, NULL, NULL, 0),
(871, 864, 200, 2, NULL, NULL, 0),
(872, 865, 200, 2, NULL, NULL, 0),
(873, 866, 200, 2, NULL, NULL, 0),
(874, 867, 200, 2, NULL, NULL, 0),
(875, 868, 200, 2, NULL, NULL, 0),
(876, 869, 200, 2, NULL, NULL, 0),
(877, 870, 200, 2, NULL, NULL, 0),
(878, 871, 200, 2, NULL, NULL, 0),
(879, 872, 200, 2, NULL, NULL, 0),
(880, 873, 200, 2, NULL, NULL, 0),
(881, 874, 200, 2, NULL, NULL, 0),
(882, 875, 200, 2, NULL, NULL, 0),
(883, 876, 200, 2, NULL, NULL, 0),
(884, 877, 200, 2, NULL, NULL, 0),
(885, 878, 200, 2, NULL, NULL, 0),
(886, 879, 200, 2, NULL, NULL, 0),
(887, 880, 200, 2, NULL, NULL, 0),
(888, 881, 200, 2, NULL, NULL, 0),
(889, 882, 200, 2, NULL, NULL, 0),
(890, 883, 200, 2, NULL, NULL, 0),
(891, 884, 200, 2, NULL, NULL, 0),
(892, 885, 200, 2, NULL, NULL, 0),
(893, 886, 200, 2, NULL, NULL, 0),
(894, 887, 200, 2, NULL, NULL, 0),
(895, 888, 200, 2, NULL, NULL, 0),
(896, 889, 200, 2, NULL, NULL, 0),
(897, 890, 200, 2, NULL, NULL, 0),
(898, 891, 200, 2, NULL, NULL, 0),
(899, 892, 200, 2, NULL, NULL, 0),
(900, 893, 200, 2, NULL, NULL, 0),
(901, 894, 200, 2, NULL, NULL, 0),
(902, 895, 200, 2, NULL, NULL, 0),
(903, 896, 200, 2, NULL, NULL, 0),
(904, 897, 200, 2, NULL, NULL, 0),
(905, 898, 200, 2, NULL, NULL, 0),
(906, 899, 200, 2, NULL, NULL, 0),
(907, 900, 200, 2, NULL, NULL, 0),
(908, 901, 200, 2, NULL, NULL, 0),
(909, 902, 200, 2, NULL, NULL, 0),
(910, 903, 200, 2, NULL, NULL, 0),
(911, 904, 200, 2, NULL, NULL, 0),
(912, 905, 200, 2, NULL, NULL, 0),
(913, 906, 200, 2, NULL, NULL, 0),
(914, 907, 200, 2, NULL, NULL, 0),
(915, 908, 200, 2, NULL, NULL, 0),
(916, 909, 200, 2, NULL, NULL, 0),
(917, 910, 200, 2, NULL, NULL, 0),
(918, 911, 200, 2, NULL, NULL, 0),
(919, 912, 200, 2, NULL, NULL, 0),
(920, 913, 200, 2, NULL, NULL, 0),
(921, 914, 200, 2, NULL, NULL, 0),
(922, 915, 200, 2, NULL, NULL, 0),
(923, 916, 200, 2, NULL, NULL, 0),
(924, 917, 200, 2, NULL, NULL, 0),
(925, 918, 200, 2, NULL, NULL, 0),
(926, 919, 200, 2, NULL, NULL, 0),
(927, 920, 200, 2, NULL, NULL, 0),
(928, 921, 200, 2, NULL, NULL, 0),
(929, 922, 200, 2, NULL, NULL, 0),
(930, 923, 200, 2, NULL, NULL, 0),
(931, 924, 200, 2, NULL, NULL, 0),
(932, 925, 200, 2, NULL, NULL, 0),
(933, 926, 200, 2, NULL, NULL, 0),
(934, 927, 200, 2, NULL, NULL, 0),
(935, 928, 200, 2, NULL, NULL, 0),
(936, 929, 200, 2, NULL, NULL, 0),
(937, 930, 200, 2, NULL, NULL, 0),
(938, 931, 200, 2, NULL, NULL, 0),
(939, 932, 200, 2, NULL, NULL, 0),
(940, 933, 200, 2, NULL, NULL, 0),
(941, 934, 200, 2, NULL, NULL, 0),
(942, 935, 200, 2, NULL, NULL, 0),
(943, 936, 200, 2, NULL, NULL, 0),
(944, 937, 200, 2, NULL, NULL, 0),
(945, 938, 200, 2, NULL, NULL, 0),
(946, 939, 200, 2, NULL, NULL, 0),
(947, 940, 200, 2, NULL, NULL, 0),
(948, 941, 200, 2, NULL, NULL, 0),
(949, 942, 200, 2, NULL, NULL, 0),
(950, 943, 200, 2, NULL, NULL, 0),
(951, 944, 200, 2, NULL, NULL, 0),
(952, 945, 200, 2, NULL, NULL, 0),
(953, 946, 200, 2, NULL, NULL, 0),
(954, 947, 200, 2, NULL, NULL, 0),
(955, 948, 200, 2, NULL, NULL, 0),
(956, 949, 200, 2, NULL, NULL, 0),
(957, 950, 200, 2, NULL, NULL, 0),
(958, 951, 200, 2, NULL, NULL, 0),
(959, 952, 200, 2, NULL, NULL, 0),
(960, 953, 200, 2, NULL, NULL, 0),
(961, 954, 200, 2, NULL, NULL, 0),
(962, 955, 200, 2, NULL, NULL, 0),
(963, 956, 200, 2, NULL, NULL, 0),
(964, 957, 200, 2, NULL, NULL, 0),
(965, 958, 200, 2, NULL, NULL, 0),
(966, 959, 200, 2, NULL, NULL, 0),
(967, 960, 200, 2, NULL, NULL, 0),
(968, 961, 200, 2, NULL, NULL, 0),
(969, 962, 200, 2, NULL, NULL, 0),
(970, 963, 200, 2, NULL, NULL, 0),
(971, 964, 200, 2, NULL, NULL, 0),
(972, 965, 200, 2, NULL, NULL, 0),
(973, 966, 200, 2, NULL, NULL, 0),
(974, 967, 200, 2, NULL, NULL, 0),
(975, 968, 200, 2, NULL, NULL, 0),
(976, 969, 200, 2, NULL, NULL, 0),
(977, 970, 200, 2, NULL, NULL, 0),
(978, 971, 200, 2, NULL, NULL, 0),
(979, 972, 200, 2, NULL, NULL, 0),
(980, 973, 200, 2, NULL, NULL, 0),
(981, 974, 200, 2, NULL, NULL, 0),
(982, 975, 200, 2, NULL, NULL, 0),
(983, 976, 200, 2, NULL, NULL, 0),
(984, 977, 200, 2, NULL, NULL, 0),
(985, 978, 200, 2, NULL, NULL, 0),
(986, 979, 200, 2, NULL, NULL, 0),
(987, 980, 200, 2, NULL, NULL, 0),
(988, 981, 200, 2, NULL, NULL, 0),
(989, 982, 200, 2, NULL, NULL, 0),
(990, 983, 200, 2, NULL, NULL, 0),
(991, 984, 200, 2, NULL, NULL, 0),
(992, 985, 200, 2, NULL, NULL, 0),
(993, 986, 200, 2, NULL, NULL, 0),
(994, 987, 200, 2, NULL, NULL, 0),
(995, 988, 200, 2, NULL, NULL, 0),
(996, 989, 200, 2, NULL, NULL, 0),
(997, 990, 200, 2, NULL, NULL, 0),
(998, 991, 200, 2, NULL, NULL, 0),
(999, 992, 200, 2, NULL, NULL, 0),
(1000, 993, 200, 2, NULL, NULL, 0),
(1001, 994, 200, 2, NULL, NULL, 0),
(1002, 995, 200, 2, NULL, NULL, 0),
(1003, 996, 200, 2, NULL, NULL, 0),
(1004, 997, 200, 2, NULL, NULL, 0),
(1005, 998, 200, 2, NULL, NULL, 0),
(1006, 999, 200, 2, NULL, NULL, 0),
(1007, 1000, 200, 2, NULL, NULL, 0),
(1008, 1001, 200, 2, NULL, NULL, 0),
(1009, 1002, 200, 2, NULL, NULL, 0),
(1010, 1003, 200, 2, NULL, NULL, 0),
(1011, 1004, 200, 2, NULL, NULL, 0),
(1012, 1005, 200, 2, NULL, NULL, 0),
(1013, 1006, 200, 2, NULL, NULL, 0),
(1014, 1007, 200, 2, NULL, NULL, 0),
(1015, 1008, 200, 2, NULL, NULL, 0),
(1016, 1009, 200, 2, NULL, NULL, 0),
(1017, 1010, 200, 2, NULL, NULL, 0),
(1018, 1011, 200, 2, NULL, NULL, 0),
(1019, 1012, 200, 2, NULL, NULL, 0),
(1020, 1013, 200, 2, NULL, NULL, 0),
(1021, 1014, 200, 2, NULL, NULL, 0),
(1022, 1015, 200, 2, NULL, NULL, 0),
(1023, 1016, 200, 2, NULL, NULL, 0),
(1024, 1017, 200, 2, NULL, NULL, 0),
(1025, 1018, 200, 2, NULL, NULL, 0),
(1026, 1019, 200, 2, NULL, NULL, 0),
(1027, 1020, 200, 2, NULL, NULL, 0),
(1028, 1021, 200, 2, NULL, NULL, 0),
(1029, 1022, 200, 2, NULL, NULL, 0),
(1030, 1023, 200, 2, NULL, NULL, 0),
(1031, 1024, 200, 2, NULL, NULL, 0),
(1032, 1025, 200, 2, NULL, NULL, 0),
(1033, 1026, 200, 2, NULL, NULL, 0),
(1034, 1027, 200, 2, NULL, NULL, 0),
(1035, 1028, 200, 2, NULL, NULL, 0),
(1036, 1029, 200, 2, NULL, NULL, 0),
(1037, 1030, 200, 2, NULL, NULL, 0),
(1038, 1031, 200, 2, NULL, NULL, 0),
(1039, 1032, 200, 2, NULL, NULL, 0),
(1040, 1033, 200, 2, NULL, NULL, 0),
(1041, 1034, 200, 2, NULL, NULL, 0),
(1042, 1035, 200, 2, NULL, NULL, 0),
(1043, 1036, 200, 2, NULL, NULL, 0),
(1044, 1037, 200, 2, NULL, NULL, 0),
(1045, 1038, 200, 2, NULL, NULL, 0),
(1046, 1039, 200, 2, NULL, NULL, 0),
(1047, 1040, 200, 2, NULL, NULL, 0),
(1048, 1041, 200, 2, NULL, NULL, 0),
(1049, 1042, 200, 2, NULL, NULL, 0),
(1050, 1043, 200, 2, NULL, NULL, 0),
(1051, 1044, 200, 2, NULL, NULL, 0),
(1052, 1045, 200, 2, NULL, NULL, 0),
(1053, 1046, 200, 2, NULL, NULL, 0),
(1054, 1047, 200, 2, NULL, NULL, 0),
(1055, 1048, 200, 2, NULL, NULL, 0),
(1056, 1049, 200, 2, NULL, NULL, 0),
(1057, 1050, 200, 2, NULL, NULL, 0),
(1058, 1051, 200, 2, NULL, NULL, 0),
(1059, 1052, 200, 2, NULL, NULL, 0),
(1060, 1053, 200, 2, NULL, NULL, 0),
(1061, 1054, 200, 2, NULL, NULL, 0),
(1062, 1055, 200, 2, NULL, NULL, 0),
(1063, 1056, 200, 2, NULL, NULL, 0),
(1064, 1057, 200, 2, NULL, NULL, 0),
(1065, 1058, 200, 2, NULL, NULL, 0),
(1066, 1059, 200, 2, NULL, NULL, 1),
(1067, 1060, 200, 2, NULL, NULL, 1),
(1068, 1061, 200, 2, NULL, NULL, 0),
(1069, 1062, 200, 2, NULL, NULL, 0),
(1070, 1063, 200, 2, NULL, NULL, 0),
(1071, 1064, 200, 2, NULL, NULL, 0),
(1072, 1065, 200, 2, NULL, NULL, 0),
(1073, 1066, 200, 2, NULL, NULL, 0),
(1074, 1067, 200, 2, NULL, NULL, 0),
(1075, 1068, 200, 2, NULL, NULL, 0),
(1076, 1069, 200, 2, NULL, NULL, 0),
(1077, 1070, 200, 2, NULL, NULL, 0),
(1078, 1071, 200, 2, NULL, NULL, 1),
(1079, 1072, 200, 2, NULL, NULL, 0),
(1080, 1073, 200, 2, NULL, NULL, 0),
(1081, 1074, 200, 2, NULL, NULL, 0),
(1082, 1075, 200, 2, NULL, NULL, 0),
(1083, 1076, 200, 2, NULL, NULL, 0),
(1084, 1077, 200, 2, NULL, NULL, 0),
(1085, 1078, 200, 2, NULL, NULL, 0),
(1086, 1079, 200, 2, NULL, NULL, 0),
(1087, 1080, 200, 2, NULL, NULL, 1),
(1088, 1081, 200, 2, NULL, NULL, 0),
(1089, 1082, 200, 2, NULL, NULL, 0),
(1090, 1083, 200, 2, NULL, NULL, 0),
(1091, 1084, 200, 2, NULL, NULL, 0),
(1092, 1085, 200, 2, NULL, NULL, 0),
(1093, 1086, 200, 2, NULL, NULL, 0),
(1094, 1087, 200, 2, NULL, NULL, 0),
(1095, 1088, 200, 2, NULL, NULL, 0),
(1096, 1089, 200, 2, NULL, NULL, 0),
(1097, 1090, 200, 2, NULL, NULL, 0),
(1098, 1091, 200, 2, NULL, NULL, 0),
(1099, 1092, 200, 2, NULL, NULL, 0),
(1100, 1093, 200, 2, NULL, NULL, 0),
(1101, 1094, 200, 2, NULL, NULL, 0),
(1102, 1095, 200, 2, NULL, NULL, 0),
(1103, 1096, 200, 2, NULL, NULL, 0),
(1104, 1097, 200, 2, NULL, NULL, 0),
(1105, 1098, 200, 2, NULL, NULL, 0),
(1106, 1099, 200, 2, NULL, NULL, 0),
(1107, 1100, 200, 2, NULL, NULL, 0),
(1108, 1101, 200, 2, NULL, NULL, 0),
(1109, 1102, 200, 2, NULL, NULL, 0),
(1110, 1103, 200, 2, NULL, NULL, 0),
(1111, 1104, 200, 2, NULL, NULL, 0),
(1112, 1105, 200, 2, NULL, NULL, 0),
(1113, 1106, 200, 2, NULL, NULL, 0),
(1114, 1107, 200, 2, NULL, NULL, 0),
(1115, 1108, 200, 2, NULL, NULL, 0),
(1116, 1109, 200, 2, NULL, NULL, 0),
(1117, 1110, 200, 2, NULL, NULL, 0),
(1118, 1111, 200, 2, NULL, NULL, 0),
(1119, 1112, 200, 2, NULL, NULL, 0),
(1120, 1113, 200, 2, NULL, NULL, 0),
(1121, 1114, 200, 2, NULL, NULL, 0),
(1122, 1115, 200, 2, NULL, NULL, 0),
(1123, 1116, 200, 2, NULL, NULL, 0),
(1124, 1117, 200, 2, NULL, NULL, 0),
(1125, 1118, 200, 2, NULL, NULL, 0),
(1126, 1119, 200, 2, NULL, NULL, 0),
(1127, 1120, 200, 2, NULL, NULL, 0),
(1128, 1121, 200, 2, NULL, NULL, 0),
(1129, 1122, 200, 2, NULL, NULL, 0),
(1130, 1123, 200, 2, NULL, NULL, 0),
(1131, 1124, 200, 2, NULL, NULL, 0),
(1132, 1125, 200, 2, NULL, NULL, 0),
(1133, 1126, 200, 2, NULL, NULL, 0),
(1134, 1127, 200, 2, NULL, NULL, 0),
(1135, 1128, 200, 2, NULL, NULL, 0),
(1136, 1129, 200, 2, NULL, NULL, 0),
(1137, 1130, 200, 2, NULL, NULL, 0),
(1138, 1131, 200, 2, NULL, NULL, 0),
(1139, 1132, 200, 2, NULL, NULL, 0),
(1140, 1133, 200, 2, NULL, NULL, 0),
(1141, 1134, 200, 2, NULL, NULL, 0),
(1142, 1135, 200, 2, NULL, NULL, 0),
(1143, 1136, 200, 2, NULL, NULL, 0),
(1144, 1137, 200, 2, NULL, NULL, 0),
(1145, 1138, 200, 2, NULL, NULL, 0),
(1146, 1139, 200, 2, NULL, NULL, 0),
(1147, 1140, 200, 2, NULL, NULL, 0),
(1148, 1141, 200, 2, NULL, NULL, 0),
(1149, 1142, 200, 2, NULL, NULL, 0),
(1150, 1143, 200, 2, NULL, NULL, 0),
(1151, 1144, 200, 2, NULL, NULL, 0),
(1152, 1145, 200, 2, NULL, NULL, 0),
(1153, 1146, 200, 2, NULL, NULL, 0),
(1154, 1147, 200, 2, NULL, NULL, 0),
(1155, 1148, 200, 2, NULL, NULL, 0),
(1156, 1149, 200, 2, NULL, NULL, 0),
(1157, 1150, 200, 2, NULL, NULL, 0),
(1158, 1151, 200, 2, NULL, NULL, 0),
(1159, 1152, 200, 2, NULL, NULL, 0),
(1160, 1153, 200, 2, NULL, NULL, 0),
(1161, 1154, 200, 2, NULL, NULL, 0),
(1162, 1155, 200, 2, NULL, NULL, 0),
(1163, 1156, 200, 2, NULL, NULL, 0),
(1164, 1157, 200, 2, NULL, NULL, 0),
(1165, 1158, 200, 2, NULL, NULL, 0),
(1166, 1159, 200, 2, NULL, NULL, 0),
(1167, 1160, 200, 2, NULL, NULL, 1),
(1168, 1161, 200, 2, NULL, NULL, 0),
(1169, 1162, 200, 2, NULL, NULL, 0),
(1170, 1163, 200, 2, NULL, NULL, 0),
(1171, 1164, 200, 2, NULL, NULL, 0),
(1172, 1165, 200, 2, NULL, NULL, 0),
(1173, 1166, 200, 2, NULL, NULL, 0),
(1174, 1167, 200, 2, NULL, NULL, 0),
(1175, 1168, 200, 2, NULL, NULL, 0),
(1176, 1169, 200, 2, NULL, NULL, 0),
(1177, 1170, 200, 2, NULL, NULL, 0),
(1178, 1171, 200, 2, NULL, NULL, 0),
(1179, 1172, 200, 2, NULL, NULL, 0),
(1180, 1173, 200, 2, NULL, NULL, 0),
(1181, 1174, 200, 2, NULL, NULL, 0),
(1182, 1175, 200, 2, NULL, NULL, 0),
(1183, 1176, 200, 2, NULL, NULL, 0),
(1184, 1177, 200, 2, NULL, NULL, 0),
(1185, 1178, 200, 2, NULL, NULL, 0),
(1186, 1179, 200, 2, NULL, NULL, 0),
(1187, 1180, 200, 2, NULL, NULL, 0),
(1188, 1181, 200, 2, NULL, NULL, 0),
(1189, 1182, 200, 2, NULL, NULL, 0),
(1190, 1183, 200, 2, NULL, NULL, 0),
(1191, 1184, 200, 2, NULL, NULL, 0),
(1192, 1185, 200, 2, NULL, NULL, 0),
(1193, 1186, 200, 2, NULL, NULL, 0),
(1194, 1187, 200, 2, NULL, NULL, 0),
(1195, 1188, 200, 2, NULL, NULL, 0),
(1196, 1189, 200, 2, NULL, NULL, 0),
(1197, 1190, 200, 2, NULL, NULL, 0),
(1198, 1191, 200, 2, NULL, NULL, 1),
(1199, 1192, 200, 2, NULL, NULL, 0),
(1200, 1193, 200, 2, NULL, NULL, 0),
(1201, 1194, 200, 2, NULL, NULL, 0),
(1202, 1195, 200, 2, NULL, NULL, 0),
(1203, 1196, 200, 2, NULL, NULL, 0),
(1204, 1197, 200, 2, NULL, NULL, 0),
(1205, 1198, 200, 2, NULL, NULL, 0),
(1206, 1199, 200, 2, NULL, NULL, 0),
(1207, 1200, 200, 2, NULL, NULL, 0),
(1208, 1201, 200, 2, NULL, NULL, 0),
(1209, 1202, 200, 2, NULL, NULL, 0),
(1210, 1203, 200, 2, NULL, NULL, 0),
(1211, 1204, 200, 2, NULL, NULL, 0),
(1212, 1205, 200, 2, NULL, NULL, 0),
(1213, 1206, 200, 2, NULL, NULL, 0),
(1214, 1207, 200, 2, NULL, NULL, 0),
(1215, 1208, 200, 2, NULL, NULL, 0),
(1216, 1209, 200, 2, NULL, NULL, 0),
(1217, 1210, 200, 2, NULL, NULL, 0),
(1218, 1211, 200, 2, NULL, NULL, 0),
(1219, 1212, 200, 2, NULL, NULL, 0),
(1220, 1213, 200, 2, NULL, NULL, 0),
(1221, 1214, 200, 2, NULL, NULL, 0),
(1222, 1215, 200, 2, NULL, NULL, 0),
(1223, 1216, 200, 2, NULL, NULL, 1),
(1224, 1217, 200, 2, NULL, NULL, 0),
(1225, 1218, 200, 2, NULL, NULL, 0),
(1226, 1219, 200, 2, NULL, NULL, 0),
(1227, 1220, 200, 2, NULL, NULL, 0),
(1228, 1221, 200, 2, NULL, NULL, 0),
(1229, 1222, 200, 2, NULL, NULL, 0),
(1230, 1223, 200, 2, NULL, NULL, 0),
(1231, 1224, 200, 2, NULL, NULL, 0),
(1232, 1225, 200, 2, NULL, NULL, 0),
(1233, 1226, 200, 2, NULL, NULL, 0),
(1234, 1227, 200, 2, NULL, NULL, 0),
(1235, 1228, 200, 2, NULL, NULL, 0),
(1236, 1229, 200, 2, NULL, NULL, 0),
(1237, 1230, 200, 2, NULL, NULL, 0),
(1238, 1231, 200, 2, NULL, NULL, 0),
(1239, 1232, 200, 2, NULL, NULL, 0),
(1240, 1233, 200, 2, NULL, NULL, 1),
(1241, 1234, 200, 2, NULL, NULL, 0),
(1242, 1235, 200, 2, NULL, NULL, 0),
(1243, 1236, 200, 2, NULL, NULL, 0),
(1244, 1237, 200, 2, NULL, NULL, 0),
(1245, 1238, 200, 2, NULL, NULL, 0),
(1246, 1239, 200, 2, NULL, NULL, 0),
(1247, 1240, 200, 2, NULL, NULL, 0),
(1248, 1241, 200, 2, NULL, NULL, 0),
(1249, 1242, 200, 2, NULL, NULL, 1),
(1250, 1243, 200, 2, NULL, NULL, 0),
(1251, 1244, 200, 2, NULL, NULL, 0),
(1252, 1245, 200, 2, NULL, NULL, 0),
(1253, 1246, 200, 2, NULL, NULL, 0),
(1254, 1247, 200, 2, NULL, NULL, 0),
(1255, 1248, 200, 2, NULL, NULL, 0),
(1256, 1249, 200, 2, NULL, NULL, 0),
(1257, 1250, 200, 2, NULL, NULL, 0),
(1258, 1251, 200, 2, NULL, NULL, 0),
(1259, 1252, 200, 2, NULL, NULL, 1),
(1260, 1253, 200, 2, NULL, NULL, 0),
(1261, 1254, 200, 2, NULL, NULL, 0),
(1262, 1255, 200, 2, NULL, NULL, 0),
(1263, 1256, 200, 2, NULL, NULL, 0),
(1264, 1257, 200, 2, NULL, NULL, 0),
(1265, 1258, 200, 2, NULL, NULL, 0),
(1266, 1259, 200, 2, NULL, NULL, 0),
(1267, 1260, 200, 2, NULL, NULL, 0),
(1268, 1261, 200, 2, NULL, NULL, 0),
(1269, 1262, 200, 2, NULL, NULL, 0),
(1270, 1263, 200, 2, NULL, NULL, 0),
(1271, 1264, 200, 2, NULL, NULL, 0),
(1272, 1265, 200, 2, NULL, NULL, 0),
(1273, 1266, 200, 2, NULL, NULL, 0),
(1274, 1267, 200, 2, NULL, NULL, 0),
(1275, 1268, 200, 2, NULL, NULL, 0),
(1276, 1269, 200, 2, NULL, NULL, 0),
(1277, 1270, 200, 2, NULL, NULL, 0),
(1278, 1271, 200, 2, NULL, NULL, 0),
(1279, 1272, 200, 2, NULL, NULL, 0),
(1280, 1273, 200, 2, NULL, NULL, 0),
(1281, 1274, 200, 2, NULL, NULL, 0),
(1282, 1275, 200, 2, NULL, NULL, 0),
(1283, 1276, 200, 2, NULL, NULL, 0),
(1284, 1277, 200, 2, NULL, NULL, 0),
(1285, 1278, 200, 2, NULL, NULL, 0),
(1286, 1279, 200, 2, NULL, NULL, 0),
(1287, 1280, 200, 2, NULL, NULL, 0),
(1288, 1281, 200, 2, NULL, NULL, 0),
(1289, 1282, 200, 2, NULL, NULL, 0),
(1290, 1283, 200, 2, NULL, NULL, 0),
(1291, 1284, 200, 2, NULL, NULL, 0),
(1292, 1285, 200, 2, NULL, NULL, 0),
(1293, 1286, 200, 2, NULL, NULL, 0),
(1294, 1287, 200, 2, NULL, NULL, 0),
(1295, 1288, 200, 2, NULL, NULL, 0),
(1296, 1289, 200, 2, NULL, NULL, 0),
(1297, 1290, 200, 2, NULL, NULL, 0),
(1298, 1291, 200, 2, NULL, NULL, 0),
(1299, 1292, 200, 2, NULL, NULL, 0),
(1300, 1293, 200, 2, NULL, NULL, 0),
(1301, 1294, 200, 2, NULL, NULL, 0),
(1302, 1295, 200, 2, NULL, NULL, 0),
(1303, 1296, 200, 2, NULL, NULL, 0),
(1304, 1297, 200, 2, NULL, NULL, 0),
(1305, 1298, 200, 2, NULL, NULL, 0),
(1306, 1299, 200, 2, NULL, NULL, 0),
(1307, 1300, 200, 2, NULL, NULL, 0),
(1308, 1301, 200, 2, NULL, NULL, 0),
(1309, 1302, 200, 2, NULL, NULL, 0),
(1310, 1303, 200, 2, NULL, NULL, 0),
(1311, 1304, 200, 2, NULL, NULL, 0),
(1312, 1305, 200, 2, NULL, NULL, 0),
(1313, 1306, 200, 2, NULL, NULL, 0),
(1314, 1307, 200, 2, NULL, NULL, 0),
(1315, 1308, 200, 2, NULL, NULL, 0),
(1316, 1309, 200, 2, NULL, NULL, 0),
(1317, 1310, 200, 2, NULL, NULL, 0),
(1318, 1311, 200, 2, NULL, NULL, 0),
(1319, 1312, 200, 2, NULL, NULL, 0),
(1320, 1313, 200, 2, NULL, NULL, 0),
(1321, 1314, 200, 2, NULL, NULL, 0),
(1322, 1315, 200, 2, NULL, NULL, 0),
(1323, 1316, 200, 2, NULL, NULL, 0),
(1324, 1317, 200, 2, NULL, NULL, 0),
(1325, 1318, 200, 2, NULL, NULL, 0),
(1326, 1319, 200, 2, NULL, NULL, 0),
(1327, 1320, 200, 2, NULL, NULL, 0),
(1328, 1321, 200, 2, NULL, NULL, 0),
(1329, 1322, 200, 2, NULL, NULL, 0),
(1330, 1323, 200, 2, NULL, NULL, 0),
(1331, 1324, 200, 2, NULL, NULL, 0),
(1332, 1325, 200, 2, NULL, NULL, 0),
(1333, 1326, 200, 2, NULL, NULL, 0),
(1334, 1327, 200, 2, NULL, NULL, 0),
(1335, 1328, 200, 2, NULL, NULL, 0),
(1336, 1329, 200, 2, NULL, NULL, 0),
(1337, 1330, 200, 2, NULL, NULL, 0),
(1338, 1331, 200, 2, NULL, NULL, 0),
(1339, 1332, 200, 2, NULL, NULL, 0),
(1340, 1333, 200, 2, NULL, NULL, 0),
(1341, 1334, 200, 2, NULL, NULL, 0),
(1342, 1335, 200, 2, NULL, NULL, 0),
(1343, 1336, 200, 2, NULL, NULL, 0),
(1344, 1337, 200, 2, NULL, NULL, 0),
(1345, 1338, 200, 2, NULL, NULL, 0),
(1346, 1339, 200, 2, NULL, NULL, 0),
(1347, 1340, 200, 2, NULL, NULL, 0),
(1348, 1341, 200, 2, NULL, NULL, 0),
(1349, 1342, 200, 2, NULL, NULL, 0),
(1350, 1343, 200, 2, NULL, NULL, 0),
(1351, 1344, 200, 2, NULL, NULL, 0),
(1352, 1345, 200, 2, NULL, NULL, 0),
(1353, 1346, 200, 2, NULL, NULL, 0),
(1354, 1347, 200, 2, NULL, NULL, 0),
(1355, 1348, 200, 2, NULL, NULL, 1),
(1356, 1349, 200, 2, NULL, NULL, 0),
(1357, 1350, 200, 2, NULL, NULL, 0),
(1358, 1351, 200, 2, NULL, NULL, 0),
(1359, 1352, 200, 2, NULL, NULL, 0),
(1360, 1353, 200, 2, NULL, NULL, 0),
(1361, 1354, 200, 2, NULL, NULL, 0),
(1362, 1355, 200, 2, NULL, NULL, 0),
(1363, 1356, 200, 2, NULL, NULL, 0),
(1364, 1357, 200, 2, NULL, NULL, 0),
(1365, 1358, 200, 2, NULL, NULL, 0),
(1366, 1359, 200, 2, NULL, NULL, 0),
(1367, 1360, 200, 2, NULL, NULL, 0),
(1368, 1361, 200, 2, NULL, NULL, 0),
(1369, 1362, 200, 2, NULL, NULL, 0),
(1370, 1363, 200, 2, NULL, NULL, 0),
(1371, 1364, 200, 2, NULL, NULL, 0),
(1372, 1365, 200, 2, NULL, NULL, 0),
(1373, 1366, 200, 2, NULL, NULL, 0),
(1374, 1367, 200, 2, NULL, NULL, 0),
(1375, 1368, 200, 2, NULL, NULL, 0),
(1376, 1369, 200, 2, NULL, NULL, 0),
(1377, 1370, 200, 2, NULL, NULL, 0),
(1378, 1371, 200, 2, NULL, NULL, 0),
(1379, 1372, 200, 2, NULL, NULL, 0),
(1380, 1373, 200, 2, NULL, NULL, 0),
(1381, 1374, 200, 2, NULL, NULL, 0),
(1382, 1375, 200, 2, NULL, NULL, 0),
(1383, 1376, 200, 2, NULL, NULL, 0),
(1384, 1377, 200, 2, NULL, NULL, 0),
(1385, 1378, 200, 2, NULL, NULL, 0),
(1386, 1379, 200, 2, NULL, NULL, 0),
(1387, 1380, 200, 2, NULL, NULL, 0),
(1388, 1381, 200, 2, NULL, NULL, 0),
(1389, 1382, 200, 2, NULL, NULL, 0),
(1390, 1383, 200, 2, NULL, NULL, 0),
(1391, 1384, 200, 2, NULL, NULL, 0),
(1392, 1385, 200, 2, NULL, NULL, 0),
(1393, 1386, 200, 2, NULL, NULL, 0),
(1394, 1387, 200, 2, NULL, NULL, 0),
(1395, 1388, 200, 2, NULL, NULL, 0),
(1396, 1389, 200, 2, NULL, NULL, 0),
(1397, 1390, 200, 2, NULL, NULL, 0),
(1398, 1391, 200, 2, NULL, NULL, 0),
(1399, 1392, 200, 2, NULL, NULL, 0),
(1400, 1393, 200, 2, NULL, NULL, 0),
(1401, 1394, 200, 2, NULL, NULL, 0),
(1402, 1395, 200, 2, NULL, NULL, 0),
(1403, 1396, 200, 2, NULL, NULL, 0),
(1404, 1397, 200, 2, NULL, NULL, 0),
(1405, 1398, 200, 2, NULL, NULL, 0),
(1406, 1399, 200, 2, NULL, NULL, 0),
(1407, 1400, 200, 2, NULL, NULL, 0),
(1408, 1401, 200, 2, NULL, NULL, 0),
(1409, 1402, 200, 2, NULL, NULL, 0),
(1410, 1403, 200, 2, NULL, NULL, 0),
(1411, 1404, 200, 2, NULL, NULL, 0),
(1412, 1405, 200, 2, NULL, NULL, 0),
(1413, 1406, 200, 2, NULL, NULL, 0),
(1414, 1407, 200, 2, NULL, NULL, 0),
(1415, 1408, 200, 2, NULL, NULL, 0),
(1416, 1409, 200, 2, NULL, NULL, 0),
(1417, 1410, 200, 2, NULL, NULL, 0),
(1418, 1411, 200, 2, NULL, NULL, 0),
(1419, 1412, 200, 2, NULL, NULL, 0),
(1420, 1413, 200, 2, NULL, NULL, 0),
(1421, 1414, 200, 2, NULL, NULL, 0),
(1422, 1415, 200, 2, NULL, NULL, 0),
(1423, 1416, 200, 2, NULL, NULL, 0),
(1424, 1417, 200, 2, NULL, NULL, 0),
(1425, 1418, 200, 2, NULL, NULL, 0),
(1426, 1419, 200, 2, NULL, NULL, 0),
(1427, 1420, 200, 2, NULL, NULL, 0),
(1428, 1421, 200, 2, NULL, NULL, 0),
(1429, 1422, 200, 2, NULL, NULL, 0),
(1430, 1423, 200, 2, NULL, NULL, 0),
(1431, 1424, 200, 2, NULL, NULL, 0),
(1432, 1425, 200, 2, NULL, NULL, 0),
(1433, 1426, 200, 2, NULL, NULL, 0),
(1434, 1427, 200, 2, NULL, NULL, 0),
(1435, 1428, 200, 2, NULL, NULL, 0),
(1436, 1429, 200, 2, NULL, NULL, 0),
(1437, 1430, 200, 2, NULL, NULL, 0),
(1438, 1431, 200, 2, NULL, NULL, 0),
(1439, 1432, 200, 2, NULL, NULL, 0),
(1440, 1433, 200, 2, NULL, NULL, 0),
(1441, 1434, 200, 2, NULL, NULL, 0),
(1442, 1435, 200, 2, NULL, NULL, 0),
(1443, 1436, 200, 2, NULL, NULL, 0),
(1444, 1437, 200, 2, NULL, NULL, 0),
(1445, 1438, 200, 2, NULL, NULL, 0),
(1446, 1439, 200, 2, NULL, NULL, 0),
(1447, 1440, 200, 2, NULL, NULL, 0),
(1448, 1441, 200, 2, NULL, NULL, 0),
(1449, 1442, 200, 2, NULL, NULL, 0),
(1450, 1443, 200, 2, NULL, NULL, 0),
(1451, 1444, 200, 2, NULL, NULL, 0),
(1452, 1445, 200, 2, NULL, NULL, 0),
(1453, 1446, 200, 2, NULL, NULL, 0),
(1454, 1447, 200, 2, NULL, NULL, 0),
(1455, 1448, 200, 2, NULL, NULL, 0),
(1456, 1449, 200, 2, NULL, NULL, 0),
(1457, 1450, 200, 2, NULL, NULL, 0),
(1458, 1451, 200, 2, NULL, NULL, 0),
(1459, 1452, 200, 2, NULL, NULL, 0),
(1460, 1453, 200, 2, NULL, NULL, 0),
(1461, 1454, 200, 2, NULL, NULL, 0),
(1462, 1455, 200, 2, NULL, NULL, 0),
(1463, 1456, 200, 2, NULL, NULL, 0),
(1464, 1457, 200, 2, NULL, NULL, 0),
(1465, 1458, 200, 2, NULL, NULL, 0),
(1466, 1459, 200, 2, NULL, NULL, 0),
(1467, 1460, 200, 2, NULL, NULL, 0),
(1468, 1461, 200, 2, NULL, NULL, 0),
(1469, 1462, 200, 2, NULL, NULL, 0),
(1470, 1463, 200, 2, NULL, NULL, 0),
(1471, 1464, 200, 2, NULL, NULL, 0),
(1472, 1465, 200, 2, NULL, NULL, 0),
(1473, 1466, 200, 2, NULL, NULL, 0),
(1474, 1467, 200, 2, NULL, NULL, 0),
(1475, 1468, 200, 2, NULL, NULL, 0),
(1476, 1469, 200, 2, NULL, NULL, 0),
(1477, 1470, 200, 2, NULL, NULL, 0),
(1478, 1471, 200, 2, NULL, NULL, 0),
(1479, 1472, 200, 2, NULL, NULL, 0),
(1480, 1473, 200, 2, NULL, NULL, 0),
(1481, 1474, 200, 2, NULL, NULL, 0),
(1482, 1475, 200, 2, NULL, NULL, 0),
(1483, 1476, 200, 2, NULL, NULL, 0),
(1484, 1477, 200, 2, NULL, NULL, 0),
(1485, 1478, 200, 2, NULL, NULL, 0),
(1486, 1479, 200, 2, NULL, NULL, 0),
(1487, 1480, 200, 2, NULL, NULL, 0),
(1488, 1481, 200, 2, NULL, NULL, 0),
(1489, 1482, 200, 2, NULL, NULL, 0),
(1490, 1483, 200, 2, NULL, NULL, 0),
(1491, 1484, 200, 2, NULL, NULL, 0),
(1492, 1485, 200, 2, NULL, NULL, 0),
(1493, 1486, 200, 2, NULL, NULL, 0),
(1494, 1487, 200, 2, NULL, NULL, 0),
(1495, 1488, 200, 2, NULL, NULL, 0),
(1496, 1489, 200, 2, NULL, NULL, 0),
(1497, 1490, 200, 2, NULL, NULL, 0),
(1498, 1491, 200, 2, NULL, NULL, 0),
(1499, 1492, 200, 2, NULL, NULL, 0),
(1500, 1493, 200, 2, NULL, NULL, 0),
(1501, 1494, 200, 2, NULL, NULL, 0),
(1502, 1495, 200, 2, NULL, NULL, 0),
(1503, 1496, 200, 2, NULL, NULL, 0),
(1504, 1497, 200, 2, NULL, NULL, 0),
(1505, 1498, 200, 2, NULL, NULL, 0),
(1506, 1499, 200, 2, NULL, NULL, 0),
(1507, 1500, 200, 2, NULL, NULL, 0),
(1508, 1501, 200, 2, NULL, NULL, 0),
(1509, 1502, 200, 2, NULL, NULL, 0),
(1510, 1503, 200, 2, NULL, NULL, 0),
(1511, 1504, 200, 2, NULL, NULL, 0),
(1512, 1505, 200, 2, NULL, NULL, 0),
(1513, 1506, 200, 2, NULL, NULL, 0),
(1514, 1507, 200, 2, NULL, NULL, 0),
(1515, 1508, 200, 2, NULL, NULL, 0),
(1516, 1509, 200, 2, NULL, NULL, 0),
(1517, 1510, 200, 2, NULL, NULL, 0),
(1518, 1511, 200, 2, NULL, NULL, 0),
(1519, 1512, 200, 2, NULL, NULL, 0),
(1520, 1513, 200, 2, NULL, NULL, 0),
(1521, 1514, 200, 2, NULL, NULL, 0),
(1522, 1515, 200, 2, NULL, NULL, 0),
(1523, 1516, 200, 2, NULL, NULL, 0),
(1524, 1517, 200, 2, NULL, NULL, 0),
(1525, 1518, 200, 2, NULL, NULL, 0),
(1526, 1519, 200, 2, NULL, NULL, 0),
(1527, 1520, 200, 2, NULL, NULL, 0),
(1528, 1521, 200, 2, NULL, NULL, 0),
(1529, 1522, 200, 2, NULL, NULL, 0),
(1530, 1523, 200, 2, NULL, NULL, 0),
(1531, 1524, 200, 2, NULL, NULL, 0),
(1532, 1525, 200, 2, NULL, NULL, 0),
(1533, 1526, 200, 2, NULL, NULL, 0),
(1534, 1527, 200, 2, NULL, NULL, 0),
(1535, 1528, 200, 2, NULL, NULL, 0),
(1536, 1529, 200, 2, NULL, NULL, 0),
(1537, 1530, 200, 2, NULL, NULL, 0),
(1538, 1531, 200, 2, NULL, NULL, 0),
(1539, 1532, 200, 2, NULL, NULL, 0),
(1540, 1533, 200, 2, NULL, NULL, 0),
(1541, 1534, 200, 2, NULL, NULL, 0),
(1542, 1535, 200, 2, NULL, NULL, 0),
(1543, 1536, 200, 2, NULL, NULL, 0),
(1544, 1537, 200, 2, NULL, NULL, 0),
(1545, 1538, 200, 2, NULL, NULL, 0),
(1546, 1539, 200, 2, NULL, NULL, 0),
(1547, 1540, 200, 2, NULL, NULL, 0),
(1548, 1541, 200, 2, NULL, NULL, 0),
(1549, 1542, 200, 2, NULL, NULL, 0),
(1550, 1543, 200, 2, NULL, NULL, 0),
(1551, 1544, 200, 2, NULL, NULL, 0),
(1552, 1545, 200, 2, NULL, NULL, 0),
(1553, 1546, 200, 2, NULL, NULL, 0),
(1554, 1547, 200, 2, NULL, NULL, 0),
(1555, 1548, 200, 2, NULL, NULL, 0),
(1556, 1549, 200, 2, NULL, NULL, 0),
(1557, 1550, 200, 2, NULL, NULL, 0),
(1558, 1551, 200, 2, NULL, NULL, 0),
(1559, 1552, 200, 2, NULL, NULL, 0),
(1560, 1553, 200, 2, NULL, NULL, 0),
(1561, 1554, 200, 2, NULL, NULL, 0),
(1562, 1555, 200, 2, NULL, NULL, 0),
(1563, 1556, 200, 2, NULL, NULL, 0),
(1564, 1557, 200, 2, NULL, NULL, 0),
(1565, 1558, 200, 2, NULL, NULL, 0),
(1566, 1559, 200, 2, NULL, NULL, 0),
(1567, 1560, 200, 2, NULL, NULL, 0),
(1568, 1561, 200, 2, NULL, NULL, 0),
(1569, 1562, 200, 2, NULL, NULL, 0),
(1570, 1563, 200, 2, NULL, NULL, 0),
(1571, 1564, 200, 2, NULL, NULL, 0),
(1572, 1565, 200, 2, NULL, NULL, 0),
(1573, 1566, 200, 2, NULL, NULL, 0),
(1574, 1567, 200, 2, NULL, NULL, 0),
(1575, 1568, 200, 2, NULL, NULL, 0),
(1576, 1569, 200, 2, NULL, NULL, 0),
(1577, 1570, 200, 2, NULL, NULL, 0),
(1578, 1571, 200, 2, NULL, NULL, 0),
(1579, 1572, 200, 2, NULL, NULL, 0),
(1580, 1573, 200, 2, NULL, NULL, 0),
(1581, 1574, 200, 2, NULL, NULL, 0),
(1582, 1575, 200, 2, NULL, NULL, 0),
(1583, 1576, 200, 2, NULL, NULL, 0),
(1584, 1577, 200, 2, NULL, NULL, 0),
(1585, 1578, 200, 2, NULL, NULL, 0),
(1586, 1579, 200, 2, NULL, NULL, 0),
(1587, 1580, 200, 2, NULL, NULL, 0),
(1588, 1581, 200, 2, NULL, NULL, 0),
(1589, 1582, 200, 2, NULL, NULL, 0),
(1590, 1583, 200, 2, NULL, NULL, 0),
(1591, 1584, 200, 2, NULL, NULL, 0),
(1592, 1585, 200, 2, NULL, NULL, 0),
(1593, 1586, 200, 2, NULL, NULL, 0),
(1594, 1587, 200, 2, NULL, NULL, 0),
(1595, 1588, 200, 2, NULL, NULL, 0),
(1596, 1589, 200, 2, NULL, NULL, 0),
(1597, 1590, 200, 2, NULL, NULL, 0),
(1598, 1591, 200, 2, NULL, NULL, 0),
(1599, 1592, 200, 2, NULL, NULL, 0),
(1600, 1593, 200, 2, NULL, NULL, 0),
(1601, 1594, 200, 2, NULL, NULL, 0),
(1602, 1595, 200, 2, NULL, NULL, 0),
(1603, 1596, 200, 2, NULL, NULL, 0),
(1604, 1597, 200, 2, NULL, NULL, 0),
(1605, 1598, 200, 2, NULL, NULL, 0),
(1606, 1599, 200, 2, NULL, NULL, 0),
(1607, 1600, 200, 2, NULL, NULL, 0),
(1608, 1601, 200, 2, NULL, NULL, 0),
(1609, 1602, 200, 2, NULL, NULL, 0),
(1610, 1603, 200, 2, NULL, NULL, 0),
(1611, 1604, 200, 2, NULL, NULL, 0),
(1612, 1605, 200, 2, NULL, NULL, 0),
(1613, 1606, 200, 2, NULL, NULL, 0),
(1614, 1607, 200, 2, NULL, NULL, 0),
(1615, 1608, 200, 2, NULL, NULL, 0),
(1616, 1609, 200, 2, NULL, NULL, 0),
(1617, 1610, 200, 2, NULL, NULL, 0),
(1618, 1611, 200, 2, NULL, NULL, 0),
(1619, 1612, 200, 2, NULL, NULL, 0),
(1620, 1613, 200, 2, NULL, NULL, 0),
(1621, 1614, 200, 2, NULL, NULL, 0),
(1622, 1615, 200, 2, NULL, NULL, 0),
(1623, 1616, 200, 2, NULL, NULL, 0),
(1624, 1617, 200, 2, NULL, NULL, 0),
(1625, 1618, 200, 2, NULL, NULL, 0),
(1626, 1619, 200, 2, NULL, NULL, 0),
(1627, 1620, 200, 2, NULL, NULL, 0),
(1628, 1621, 200, 2, NULL, NULL, 0),
(1629, 1622, 200, 2, NULL, NULL, 0),
(1630, 1623, 200, 2, NULL, NULL, 0),
(1631, 1624, 200, 2, NULL, NULL, 0),
(1632, 1625, 200, 2, NULL, NULL, 0),
(1633, 1626, 200, 2, NULL, NULL, 0),
(1634, 1627, 200, 2, NULL, NULL, 0),
(1635, 1628, 200, 2, NULL, NULL, 0),
(1636, 1629, 200, 2, NULL, NULL, 0),
(1637, 1630, 200, 2, NULL, NULL, 0),
(1638, 1631, 200, 2, NULL, NULL, 0),
(1639, 1632, 200, 2, NULL, NULL, 0),
(1640, 1633, 200, 2, NULL, NULL, 0),
(1641, 1634, 200, 2, NULL, NULL, 0),
(1642, 1635, 200, 2, NULL, NULL, 0),
(1643, 1636, 200, 2, NULL, NULL, 0),
(1644, 1637, 200, 2, NULL, NULL, 0),
(1645, 1638, 200, 2, NULL, NULL, 0),
(1646, 1639, 200, 2, NULL, NULL, 0),
(1647, 1640, 200, 2, NULL, NULL, 0),
(1648, 1641, 200, 2, NULL, NULL, 0),
(1649, 1642, 200, 2, NULL, NULL, 0),
(1650, 1643, 200, 2, NULL, NULL, 0),
(1651, 1644, 200, 2, NULL, NULL, 0),
(1652, 1645, 200, 2, NULL, NULL, 0),
(1653, 1646, 200, 2, NULL, NULL, 0),
(1654, 1647, 200, 2, NULL, NULL, 0),
(1655, 1648, 200, 2, NULL, NULL, 0),
(1656, 1649, 200, 2, NULL, NULL, 0),
(1657, 1650, 200, 2, NULL, NULL, 0),
(1658, 1651, 200, 2, NULL, NULL, 0),
(1659, 1652, 200, 2, NULL, NULL, 0),
(1660, 1653, 200, 2, NULL, NULL, 0),
(1661, 1654, 200, 2, NULL, NULL, 0),
(1662, 1655, 200, 2, NULL, NULL, 0),
(1663, 1656, 200, 2, NULL, NULL, 0),
(1664, 1657, 200, 2, NULL, NULL, 0),
(1665, 1658, 200, 2, NULL, NULL, 0),
(1666, 1659, 200, 2, NULL, NULL, 0),
(1667, 1660, 200, 2, NULL, NULL, 0),
(1668, 1661, 200, 2, NULL, NULL, 0),
(1669, 1662, 200, 2, NULL, NULL, 0),
(1670, 1663, 200, 2, NULL, NULL, 0),
(1671, 1664, 200, 2, NULL, NULL, 0),
(1672, 1665, 200, 2, NULL, NULL, 0),
(1673, 1666, 200, 2, NULL, NULL, 0),
(1674, 1667, 200, 2, NULL, NULL, 0),
(1675, 1668, 200, 2, NULL, NULL, 0),
(1676, 1669, 200, 2, NULL, NULL, 0),
(1677, 1670, 200, 2, NULL, NULL, 0),
(1678, 1671, 200, 2, NULL, NULL, 0),
(1679, 1672, 200, 2, NULL, NULL, 0),
(1680, 1673, 200, 2, NULL, NULL, 0),
(1681, 1674, 200, 2, NULL, NULL, 0),
(1682, 1675, 200, 2, NULL, NULL, 0),
(1683, 1676, 200, 2, NULL, NULL, 0),
(1684, 1677, 200, 2, NULL, NULL, 0),
(1685, 1678, 200, 2, NULL, NULL, 0),
(1686, 1679, 200, 2, NULL, NULL, 0),
(1687, 1680, 200, 2, NULL, NULL, 0),
(1688, 1681, 200, 2, NULL, NULL, 0),
(1689, 1682, 200, 2, NULL, NULL, 0);
INSERT INTO `event_seats` (`id`, `seat_id`, `price`, `event_id`, `last_reservation`, `last_reservation_session_id`, `is_purchased`) VALUES
(1690, 1683, 200, 2, NULL, NULL, 0),
(1691, 1684, 200, 2, NULL, NULL, 0),
(1692, 1685, 200, 2, NULL, NULL, 0),
(1693, 1686, 200, 2, NULL, NULL, 0),
(1694, 1687, 200, 2, NULL, NULL, 0),
(1695, 1688, 200, 2, NULL, NULL, 0),
(1696, 1689, 200, 2, NULL, NULL, 0),
(1697, 1690, 200, 2, NULL, NULL, 0),
(1698, 1691, 200, 2, NULL, NULL, 0),
(1699, 1692, 200, 2, NULL, NULL, 0),
(1700, 1693, 200, 2, NULL, NULL, 0),
(1701, 1694, 200, 2, NULL, NULL, 0),
(1702, 1695, 200, 2, NULL, NULL, 0),
(1703, 1696, 200, 2, NULL, NULL, 0),
(1704, 1697, 200, 2, NULL, NULL, 0),
(1705, 1698, 200, 2, NULL, NULL, 0),
(1706, 1699, 200, 2, NULL, NULL, 1),
(1707, 1700, 200, 2, NULL, NULL, 0),
(1708, 1701, 200, 2, NULL, NULL, 0),
(1709, 1702, 200, 2, NULL, NULL, 0),
(1710, 1703, 200, 2, NULL, NULL, 0),
(1711, 1704, 200, 2, NULL, NULL, 0),
(1712, 1705, 200, 2, NULL, NULL, 0),
(1713, 1706, 200, 2, NULL, NULL, 0),
(1714, 1707, 200, 2, NULL, NULL, 0),
(1715, 1708, 200, 2, NULL, NULL, 0),
(1716, 1709, 200, 2, NULL, NULL, 1),
(1717, 1710, 200, 2, NULL, NULL, 0),
(1718, 1711, 200, 2, NULL, NULL, 0),
(1719, 1712, 200, 2, NULL, NULL, 0),
(1720, 1713, 200, 2, NULL, NULL, 0),
(1721, 1714, 200, 2, NULL, NULL, 0),
(1722, 1715, 200, 2, NULL, NULL, 0),
(1723, 1716, 200, 2, NULL, NULL, 0),
(1724, 1717, 200, 2, NULL, NULL, 0),
(1725, 1718, 200, 2, NULL, NULL, 0),
(1726, 1719, 200, 2, NULL, NULL, 0),
(1727, 1720, 200, 2, NULL, NULL, 0),
(1728, 1721, 200, 2, NULL, NULL, 0),
(1729, 1722, 200, 2, NULL, NULL, 1),
(1730, 1723, 200, 2, NULL, NULL, 0),
(1731, 1724, 200, 2, NULL, NULL, 0),
(1732, 1725, 200, 2, NULL, NULL, 0),
(1733, 1726, 200, 2, NULL, NULL, 0),
(1734, 1727, 200, 2, NULL, NULL, 0),
(1735, 1728, 200, 2, NULL, NULL, 0),
(1736, 1729, 200, 2, NULL, NULL, 0),
(1737, 1730, 200, 2, NULL, NULL, 0),
(1738, 1731, 200, 2, NULL, NULL, 0),
(1739, 1732, 200, 2, NULL, NULL, 0),
(1740, 1733, 200, 2, NULL, NULL, 0),
(1741, 1734, 200, 2, NULL, NULL, 0),
(1742, 1735, 200, 2, NULL, NULL, 0),
(1743, 1736, 200, 2, NULL, NULL, 0),
(1744, 1737, 200, 2, NULL, NULL, 0),
(1745, 1738, 200, 2, NULL, NULL, 0),
(1746, 1739, 200, 2, NULL, NULL, 0),
(1747, 1740, 200, 2, NULL, NULL, 0),
(1748, 1741, 200, 2, NULL, NULL, 0),
(1749, 1742, 200, 2, NULL, NULL, 0),
(1750, 1743, 200, 2, NULL, NULL, 0),
(1751, 1744, 200, 2, NULL, NULL, 0),
(1752, 1745, 200, 2, NULL, NULL, 0),
(1753, 1746, 200, 2, NULL, NULL, 0),
(1754, 1747, 200, 2, NULL, NULL, 0),
(1755, 1748, 200, 2, NULL, NULL, 0),
(1756, 1749, 200, 2, NULL, NULL, 0),
(1757, 1750, 200, 2, NULL, NULL, 0),
(1758, 1751, 200, 2, NULL, NULL, 0),
(1759, 1752, 200, 2, NULL, NULL, 0),
(1760, 1753, 200, 2, NULL, NULL, 0),
(1761, 1754, 200, 2, NULL, NULL, 0),
(1762, 1755, 200, 2, NULL, NULL, 0),
(1763, 1756, 200, 2, NULL, NULL, 0),
(1764, 1757, 200, 2, NULL, NULL, 0),
(1765, 1758, 200, 2, NULL, NULL, 0),
(1766, 1759, 200, 2, NULL, NULL, 0),
(1767, 1760, 200, 2, NULL, NULL, 0),
(1768, 1761, 200, 2, NULL, NULL, 0),
(1769, 1762, 200, 2, NULL, NULL, 0),
(1770, 1763, 200, 2, NULL, NULL, 0),
(1771, 1764, 200, 2, NULL, NULL, 0),
(1772, 1765, 200, 2, NULL, NULL, 0),
(1773, 1766, 200, 2, NULL, NULL, 0),
(1774, 1767, 200, 2, NULL, NULL, 0),
(1775, 1768, 200, 2, NULL, NULL, 0),
(1776, 1769, 200, 2, NULL, NULL, 0),
(1777, 1770, 200, 2, NULL, NULL, 0),
(1778, 1771, 200, 2, NULL, NULL, 0),
(1779, 1772, 200, 2, NULL, NULL, 0),
(1780, 1773, 200, 2, NULL, NULL, 0),
(1781, 1774, 200, 2, NULL, NULL, 0),
(1782, 1775, 200, 2, NULL, NULL, 0),
(1783, 1776, 200, 2, NULL, NULL, 0),
(1784, 1777, 200, 2, NULL, NULL, 0),
(1785, 1778, 200, 2, NULL, NULL, 0),
(1786, 1779, 200, 2, NULL, NULL, 0),
(1787, 1780, 200, 2, NULL, NULL, 0),
(1788, 1781, 200, 2, NULL, NULL, 0),
(1789, 1782, 200, 2, NULL, NULL, 0),
(1790, 1783, 200, 2, NULL, NULL, 0),
(1791, 1784, 200, 2, NULL, NULL, 0),
(1792, 1785, 200, 2, NULL, NULL, 0),
(1793, 1786, 200, 2, NULL, NULL, 0),
(1794, 1787, 200, 2, NULL, NULL, 0),
(1795, 1788, 200, 2, NULL, NULL, 0),
(1796, 1789, 200, 2, NULL, NULL, 0),
(1797, 1790, 200, 2, NULL, NULL, 0),
(1798, 1791, 200, 2, NULL, NULL, 0),
(1799, 1792, 200, 2, NULL, NULL, 0),
(1800, 1793, 200, 2, NULL, NULL, 0),
(1801, 1794, 200, 2, NULL, NULL, 0),
(1802, 1795, 200, 2, NULL, NULL, 0),
(1803, 1796, 200, 2, NULL, NULL, 0),
(1804, 1797, 200, 2, NULL, NULL, 0),
(1805, 1798, 200, 2, NULL, NULL, 0),
(1806, 1799, 200, 2, NULL, NULL, 0),
(1807, 1800, 200, 2, NULL, NULL, 0),
(1808, 1801, 200, 2, NULL, NULL, 0),
(1809, 1802, 200, 2, NULL, NULL, 0),
(1810, 1803, 200, 2, NULL, NULL, 0),
(1811, 1804, 200, 2, NULL, NULL, 0);

--
-- Очистить таблицу перед добавлением данных `orders`
--

TRUNCATE TABLE `orders`;
--
-- Дамп данных таблицы `orders`
--

INSERT INTO `orders` (`id`, `events_seat_id`, `user_name`, `user_email`, `user_phone`, `date`, `success`, `uid`) VALUES
(1, 1, 'Кассир №1', 'serg.tkachenko@hotmail.com', NULL, '2015-08-20 00:00:25', 1, '1c57deb4fc0a'),
(2, 2, 'Кассир №1', 'serg.tkachenko@hotmail.com', NULL, '2015-08-20 00:00:25', 1, '1e6552c9ebaa'),
(3, 5, 'Кассир №1', 'serg.tkachenko@hotmail.com', NULL, '2015-08-20 00:07:27', 1, 'a1e8b0c81030'),
(4, 7, 'Кассир №1', 'serg.tkachenko@hotmail.com', NULL, '2015-08-20 00:14:57', 0, '1d4201190ea64627'),
(5, 925, 'Кассир №1', 'serg.tkachenko@hotmail.com', NULL, '2015-08-20 19:22:38', 0, '3d9c25e8af924d6c'),
(6, 1066, 'Кассир №1', 'serg.tkachenko@hotmail.com', NULL, '2015-08-20 19:22:38', 1, '34e5adeb52d04704'),
(7, 1067, 'Кассир №1', 'serg.tkachenko@hotmail.com', NULL, '2015-08-20 19:22:38', 1, '3687249a0a6d4abb'),
(8, 1078, 'Кассир №1', 'serg.tkachenko@hotmail.com', NULL, '2015-08-20 19:22:38', 1, '0dc336a53beb4cf7'),
(9, 1087, 'Кассир №1', 'serg.tkachenko@hotmail.com', NULL, '2015-08-20 19:22:38', 1, '93e95cf9a3fd4c7a'),
(10, 1167, 'Кассир №1', 'serg.tkachenko@hotmail.com', NULL, '2015-08-20 19:22:38', 1, 'a6a4541ea65844f8'),
(11, 1198, 'Кассир №1', 'serg.tkachenko@hotmail.com', NULL, '2015-08-20 19:22:38', 1, '32c1a40a97704acc'),
(12, 1240, 'Кассир №1', 'serg.tkachenko@hotmail.com', NULL, '2015-08-20 19:22:38', 1, 'bee410e188104316'),
(13, 1249, 'Кассир №1', 'serg.tkachenko@hotmail.com', NULL, '2015-08-20 19:22:38', 1, '39b434718e5a4100'),
(14, 1259, 'Кассир №1', 'serg.tkachenko@hotmail.com', NULL, '2015-08-20 19:22:38', 1, 'e317d27d7f4949af'),
(15, 1355, 'Кассир №1', 'serg.tkachenko@hotmail.com', NULL, '2015-08-20 19:22:38', 1, '477c01e4a5ea4802'),
(16, 1706, 'Кассир №1', 'serg.tkachenko@hotmail.com', NULL, '2015-08-20 19:22:38', 1, 'ac56564829284c5d'),
(17, 1716, 'Кассир №1', 'serg.tkachenko@hotmail.com', NULL, '2015-08-20 19:22:38', 1, '9c6db18a8eca478e'),
(18, 1729, 'Кассир №1', 'serg.tkachenko@hotmail.com', NULL, '2015-08-20 19:22:38', 1, 'b6c7be06f2df4a07'),
(19, 1223, 'Кассир №1', 'serg.tkachenko@hotmail.com', NULL, '2015-08-21 17:43:39', 1, '74a731d4d0dc46d4'),
(20, 230, 'Кассир №1', 'serg.tkachenko@hotmail.com', NULL, '2015-08-21 17:44:11', 1, '9337691c44314db1'),
(21, 242, 'Кассир №1', 'serg.tkachenko@hotmail.com', NULL, '2015-08-21 17:44:11', 1, 'b8f3f34f1a524317'),
(22, 324, 'Кассир №1', 'serg.tkachenko@hotmail.com', NULL, '2015-08-21 17:44:11', 1, 'cd0022ff9d9c4e66'),
(23, 378, 'Кассир №1', 'serg.tkachenko@hotmail.com', NULL, '2015-08-21 17:44:11', 1, 'bdc5b5d36d5b4123'),
(24, 428, 'Кассир №1', 'serg.tkachenko@hotmail.com', NULL, '2015-08-21 17:44:11', 1, '99130cb1b7504666'),
(25, 537, 'Кассир №1', 'serg.tkachenko@hotmail.com', NULL, '2015-08-21 17:44:11', 1, 'a6c5caaa45d448f0');

--
-- Очистить таблицу перед добавлением данных `order_history`
--

TRUNCATE TABLE `order_history`;
--
-- Дамп данных таблицы `order_history`
--

INSERT INTO `order_history` (`id`, `user_id`, `uids`, `datetime`) VALUES
(1, 1, '1c57deb4fc0a,1e6552c9ebaa', '2015-08-20 18:43:20'),
(2, 1, 'a1e8b0c81030', '2015-08-20 12:40:37'),
(3, 1, 'ade0629317a7', '2015-08-21 17:20:09'),
(4, 1, '4fb5247cde9d4e1e', '2015-08-20 12:40:32'),
(5, 1, '1d4201190ea64627', '2015-08-20 18:43:17'),
(6, 1, '3d9c25e8af924d6c,34e5adeb52d04704,3687249a0a6d4abb,0dc336a53beb4cf7,93e95cf9a3fd4c7a,a6a4541ea65844f8,32c1a40a97704acc,bee410e188104316,39b434718e5a4100,e317d27d7f4949af,477c01e4a5ea4802,ac56564829284c5d,9c6db18a8eca478e,b6c7be06f2df4a07', '2015-08-21 17:19:53'),
(7, 1, '74a731d4d0dc46d4', '2015-08-21 17:43:39'),
(8, 1, '9337691c44314db1,b8f3f34f1a524317,cd0022ff9d9c4e66,bdc5b5d36d5b4123,99130cb1b7504666,a6c5caaa45d448f0', '2015-08-21 17:44:11');

--
-- Очистить таблицу перед добавлением данных `representations`
--

TRUNCATE TABLE `representations`;
--
-- Дамп данных таблицы `representations`
--

INSERT INTO `representations` (`id`, `title`, `description`, `img`, `is_active`) VALUES
(1, 'Представление 1 ', NULL, 'http://www.kasa-lvivcirk.com/images/bc5ec6ac-525f-498a-95f0-2d92fdeaf465.jpg', 1),
(2, 'Представление 2', NULL, 'http://www.kasa-lvivcirk.com/images/bc5ec6ac-525f-498a-95f0-2d92fdeaf465.jpg', 1);

--
-- Очистить таблицу перед добавлением данных `seats`
--

TRUNCATE TABLE `seats`;
--
-- Дамп данных таблицы `seats`
--

INSERT INTO `seats` (`id`, `title`, `seat_color_id`) VALUES
(1, 'Название места', NULL),
(2, 'Название места', NULL),
(3, 'Название места', NULL),
(4, 'Название места', NULL),
(5, 'Название места', NULL),
(6, 'Название места', NULL),
(7, 'Название места', NULL),
(8, 'Название места', NULL),
(9, 'Название места', NULL),
(10, 'Название места', NULL),
(11, 'Название места', NULL),
(12, 'Название места', NULL),
(13, 'Название места', NULL),
(14, 'Название места', NULL),
(15, 'Название места', NULL),
(16, 'Название места', NULL),
(17, 'Название места', NULL),
(18, 'Название места', NULL),
(19, 'Название места', NULL),
(20, 'Название места', NULL),
(21, 'Название места', NULL),
(22, 'Название места', NULL),
(23, 'Название места', NULL),
(24, 'Название места', NULL),
(25, 'Название места', NULL),
(26, 'Название места', NULL),
(27, 'Название места', NULL),
(28, 'Название места', NULL),
(29, 'Название места', NULL),
(30, 'Название места', NULL),
(31, 'Название места', NULL),
(32, 'Название места', NULL),
(33, 'Название места', NULL),
(34, 'Название места', NULL),
(35, 'Название места', NULL),
(36, 'Название места', NULL),
(37, 'Название места', NULL),
(38, 'Название места', NULL),
(39, 'Название места', NULL),
(40, 'Название места', NULL),
(41, 'Название места', NULL),
(42, 'Название места', NULL),
(43, 'Название места', NULL),
(44, 'Название места', NULL),
(45, 'Название места', NULL),
(46, 'Название места', NULL),
(47, 'Название места', NULL),
(48, 'Название места', NULL),
(49, 'Название места', NULL),
(50, 'Название места', NULL),
(51, 'Название места', NULL),
(52, 'Название места', NULL),
(53, 'Название места', NULL),
(54, 'Название места', NULL),
(55, 'Название места', NULL),
(56, 'Название места', NULL),
(57, 'Название места', NULL),
(58, 'Название места', NULL),
(59, 'Название места', NULL),
(60, 'Название места', NULL),
(61, 'Название места', NULL),
(62, 'Название места', NULL),
(63, 'Название места', NULL),
(64, 'Название места', NULL),
(65, 'Название места', NULL),
(66, 'Название места', NULL),
(67, 'Название места', NULL),
(68, 'Название места', NULL),
(69, 'Название места', NULL),
(70, 'Название места', NULL),
(71, 'Название места', NULL),
(72, 'Название места', NULL),
(73, 'Название места', NULL),
(74, 'Название места', NULL),
(75, 'Название места', NULL),
(76, 'Название места', NULL),
(77, 'Название места', NULL),
(78, 'Название места', NULL),
(79, 'Название места', NULL),
(80, 'Название места', NULL),
(81, 'Название места', NULL),
(82, 'Название места', NULL),
(83, 'Название места', NULL),
(84, 'Название места', NULL),
(85, 'Название места', NULL),
(86, 'Название места', NULL),
(87, 'Название места', NULL),
(88, 'Название места', NULL),
(89, 'Название места', NULL),
(90, 'Название места', NULL),
(91, 'Название места', NULL),
(92, 'Название места', NULL),
(93, 'Название места', NULL),
(94, 'Название места', NULL),
(95, 'Название места', NULL),
(96, 'Название места', NULL),
(97, 'Название места', NULL),
(98, 'Название места', NULL),
(99, 'Название места', NULL),
(100, 'Название места', NULL),
(101, 'Название места', NULL),
(102, 'Название места', NULL),
(103, 'Название места', NULL),
(104, 'Название места', NULL),
(105, 'Название места', NULL),
(106, 'Название места', NULL),
(107, 'Название места', NULL),
(108, 'Название места', NULL),
(109, 'Название места', NULL),
(110, 'Название места', NULL),
(111, 'Название места', NULL),
(112, 'Название места', NULL),
(113, 'Название места', NULL),
(114, 'Название места', NULL),
(115, 'Название места', NULL),
(116, 'Название места', NULL),
(117, 'Название места', NULL),
(118, 'Название места', NULL),
(119, 'Название места', NULL),
(120, 'Название места', NULL),
(121, 'Название места', NULL),
(122, 'Название места', NULL),
(123, 'Название места', NULL),
(124, 'Название места', NULL),
(125, 'Название места', NULL),
(126, 'Название места', NULL),
(127, 'Название места', NULL),
(128, 'Название места', NULL),
(129, 'Название места', NULL),
(130, 'Название места', NULL),
(131, 'Название места', NULL),
(132, 'Название места', NULL),
(133, 'Название места', NULL),
(134, 'Название места', NULL),
(135, 'Название места', NULL),
(136, 'Название места', NULL),
(137, 'Название места', NULL),
(138, 'Название места', NULL),
(139, 'Название места', NULL),
(140, 'Название места', NULL),
(141, 'Название места', NULL),
(142, 'Название места', NULL),
(143, 'Название места', NULL),
(144, 'Название места', NULL),
(145, 'Название места', NULL),
(146, 'Название места', NULL),
(147, 'Название места', NULL),
(148, 'Название места', NULL),
(149, 'Название места', NULL),
(150, 'Название места', NULL),
(151, 'Название места', NULL),
(152, 'Название места', NULL),
(153, 'Название места', NULL),
(154, 'Название места', NULL),
(155, 'Название места', NULL),
(156, 'Название места', NULL),
(157, 'Название места', NULL),
(158, 'Название места', NULL),
(159, 'Название места', NULL),
(160, 'Название места', NULL),
(161, 'Название места', NULL),
(162, 'Название места', NULL),
(163, 'Название места', NULL),
(164, 'Название места', NULL),
(165, 'Название места', NULL),
(166, 'Название места', NULL),
(167, 'Название места', NULL),
(168, 'Название места', NULL),
(169, 'Название места', NULL),
(170, 'Название места', NULL),
(171, 'Название места', NULL),
(172, 'Название места', NULL),
(173, 'Название места', NULL),
(174, 'Название места', NULL),
(175, 'Название места', NULL),
(176, 'Название места', NULL),
(177, 'Название места', NULL),
(178, 'Название места', NULL),
(179, 'Название места', NULL),
(180, 'Название места', NULL),
(181, 'Название места', NULL),
(182, 'Название места', NULL),
(183, 'Название места', NULL),
(184, 'Название места', NULL),
(185, 'Название места', NULL),
(186, 'Название места', NULL),
(187, 'Название места', NULL),
(188, 'Название места', NULL),
(189, 'Название места', NULL),
(190, 'Название места', NULL),
(191, 'Название места', NULL),
(192, 'Название места', NULL),
(193, 'Название места', NULL),
(194, 'Название места', NULL),
(195, 'Название места', NULL),
(196, 'Название места', NULL),
(197, 'Название места', NULL),
(198, 'Название места', NULL),
(199, 'Название места', NULL),
(200, 'Название места', NULL),
(201, 'Название места', NULL),
(202, 'Название места', NULL),
(203, 'Название места', NULL),
(204, 'Название места', NULL),
(205, 'Название места', NULL),
(206, 'Название места', NULL),
(207, 'Название места', NULL),
(208, 'Название места', NULL),
(209, 'Название места', NULL),
(210, 'Название места', NULL),
(211, 'Название места', NULL),
(212, 'Название места', NULL),
(213, 'Название места', NULL),
(214, 'Название места', NULL),
(215, 'Название места', NULL),
(216, 'Название места', NULL),
(217, 'Название места', NULL),
(218, 'Название места', NULL),
(219, 'Название места', NULL),
(220, 'Название места', NULL),
(221, 'Название места', NULL),
(222, 'Название места', NULL),
(223, 'Название места', NULL),
(224, 'Название места', NULL),
(225, 'Название места', NULL),
(226, 'Название места', NULL),
(227, 'Название места', NULL),
(228, 'Название места', NULL),
(229, 'Название места', NULL),
(230, 'Название места', NULL),
(231, 'Название места', NULL),
(232, 'Название места', NULL),
(233, 'Название места', NULL),
(234, 'Название места', NULL),
(235, 'Название места', NULL),
(236, 'Название места', NULL),
(237, 'Название места', NULL),
(238, 'Название места', NULL),
(239, 'Название места', NULL),
(240, 'Название места', NULL),
(241, 'Название места', NULL),
(242, 'Название места', NULL),
(243, 'Название места', NULL),
(244, 'Название места', NULL),
(245, 'Название места', NULL),
(246, 'Название места', NULL),
(247, 'Название места', NULL),
(248, 'Название места', NULL),
(249, 'Название места', NULL),
(250, 'Название места', NULL),
(251, 'Название места', NULL),
(252, 'Название места', NULL),
(253, 'Название места', NULL),
(254, 'Название места', NULL),
(255, 'Название места', NULL),
(256, 'Название места', NULL),
(257, 'Название места', NULL),
(258, 'Название места', NULL),
(259, 'Название места', NULL),
(260, 'Название места', NULL),
(261, 'Название места', NULL),
(262, 'Название места', NULL),
(263, 'Название места', NULL),
(264, 'Название места', NULL),
(265, 'Название места', NULL),
(266, 'Название места', NULL),
(267, 'Название места', NULL),
(268, 'Название места', NULL),
(269, 'Название места', NULL),
(270, 'Название места', NULL),
(271, 'Название места', NULL),
(272, 'Название места', NULL),
(273, 'Название места', NULL),
(274, 'Название места', NULL),
(275, 'Название места', NULL),
(276, 'Название места', NULL),
(277, 'Название места', NULL),
(278, 'Название места', NULL),
(279, 'Название места', NULL),
(280, 'Название места', NULL),
(281, 'Название места', NULL),
(282, 'Название места', NULL),
(283, 'Название места', NULL),
(284, 'Название места', NULL),
(285, 'Название места', NULL),
(286, 'Название места', NULL),
(287, 'Название места', NULL),
(288, 'Название места', NULL),
(289, 'Название места', NULL),
(290, 'Название места', NULL),
(291, 'Название места', NULL),
(292, 'Название места', NULL),
(293, 'Название места', NULL),
(294, 'Название места', NULL),
(295, 'Название места', NULL),
(296, 'Название места', NULL),
(297, 'Название места', NULL),
(298, 'Название места', NULL),
(299, 'Название места', NULL),
(300, 'Название места', NULL),
(301, 'Название места', NULL),
(302, 'Название места', NULL),
(303, 'Название места', NULL),
(304, 'Название места', NULL),
(305, 'Название места', NULL),
(306, 'Название места', NULL),
(307, 'Название места', NULL),
(308, 'Название места', NULL),
(309, 'Название места', NULL),
(310, 'Название места', NULL),
(311, 'Название места', NULL),
(312, 'Название места', NULL),
(313, 'Название места', NULL),
(314, 'Название места', NULL),
(315, 'Название места', NULL),
(316, 'Название места', NULL),
(317, 'Название места', NULL),
(318, 'Название места', NULL),
(319, 'Название места', NULL),
(320, 'Название места', NULL),
(321, 'Название места', NULL),
(322, 'Название места', NULL),
(323, 'Название места', NULL),
(324, 'Название места', NULL),
(325, 'Название места', NULL),
(326, 'Название места', NULL),
(327, 'Название места', NULL),
(328, 'Название места', NULL),
(329, 'Название места', NULL),
(330, 'Название места', NULL),
(331, 'Название места', NULL),
(332, 'Название места', NULL),
(333, 'Название места', NULL),
(334, 'Название места', NULL),
(335, 'Название места', NULL),
(336, 'Название места', NULL),
(337, 'Название места', NULL),
(338, 'Название места', NULL),
(339, 'Название места', NULL),
(340, 'Название места', NULL),
(341, 'Название места', NULL),
(342, 'Название места', NULL),
(343, 'Название места', NULL),
(344, 'Название места', NULL),
(345, 'Название места', NULL),
(346, 'Название места', NULL),
(347, 'Название места', NULL),
(348, 'Название места', NULL),
(349, 'Название места', NULL),
(350, 'Название места', NULL),
(351, 'Название места', NULL),
(352, 'Название места', NULL),
(353, 'Название места', NULL),
(354, 'Название места', NULL),
(355, 'Название места', NULL),
(356, 'Название места', NULL),
(357, 'Название места', NULL),
(358, 'Название места', NULL),
(359, 'Название места', NULL),
(360, 'Название места', NULL),
(361, 'Название места', NULL),
(362, 'Название места', NULL),
(363, 'Название места', NULL),
(364, 'Название места', NULL),
(365, 'Название места', NULL),
(366, 'Название места', NULL),
(367, 'Название места', NULL),
(368, 'Название места', NULL),
(369, 'Название места', NULL),
(370, 'Название места', NULL),
(371, 'Название места', NULL),
(372, 'Название места', NULL),
(373, 'Название места', NULL),
(374, 'Название места', NULL),
(375, 'Название места', NULL),
(376, 'Название места', NULL),
(377, 'Название места', NULL),
(378, 'Название места', NULL),
(379, 'Название места', NULL),
(380, 'Название места', NULL),
(381, 'Название места', NULL),
(382, 'Название места', NULL),
(383, 'Название места', NULL),
(384, 'Название места', NULL),
(385, 'Название места', NULL),
(386, 'Название места', NULL),
(387, 'Название места', NULL),
(388, 'Название места', NULL),
(389, 'Название места', NULL),
(390, 'Название места', NULL),
(391, 'Название места', NULL),
(392, 'Название места', NULL),
(393, 'Название места', NULL),
(394, 'Название места', NULL),
(395, 'Название места', NULL),
(396, 'Название места', NULL),
(397, 'Название места', NULL),
(398, 'Название места', NULL),
(399, 'Название места', NULL),
(400, 'Название места', NULL),
(401, 'Название места', NULL),
(402, 'Название места', NULL),
(403, 'Название места', NULL),
(404, 'Название места', NULL),
(405, 'Название места', NULL),
(406, 'Название места', NULL),
(407, 'Название места', NULL),
(408, 'Название места', NULL),
(409, 'Название места', NULL),
(410, 'Название места', NULL),
(411, 'Название места', NULL),
(412, 'Название места', NULL),
(413, 'Название места', NULL),
(414, 'Название места', NULL),
(415, 'Название места', NULL),
(416, 'Название места', NULL),
(417, 'Название места', NULL),
(418, 'Название места', NULL),
(419, 'Название места', NULL),
(420, 'Название места', NULL),
(421, 'Название места', NULL),
(422, 'Название места', NULL),
(423, 'Название места', NULL),
(424, 'Название места', NULL),
(425, 'Название места', NULL),
(426, 'Название места', NULL),
(427, 'Название места', NULL),
(428, 'Название места', NULL),
(429, 'Название места', NULL),
(430, 'Название места', NULL),
(431, 'Название места', NULL),
(432, 'Название места', NULL),
(433, 'Название места', NULL),
(434, 'Название места', NULL),
(435, 'Название места', NULL),
(436, 'Название места', NULL),
(437, 'Название места', NULL),
(438, 'Название места', NULL),
(439, 'Название места', NULL),
(440, 'Название места', NULL),
(441, 'Название места', NULL),
(442, 'Название места', NULL),
(443, 'Название места', NULL),
(444, 'Название места', NULL),
(445, 'Название места', NULL),
(446, 'Название места', NULL),
(447, 'Название места', NULL),
(448, 'Название места', NULL),
(449, 'Название места', NULL),
(450, 'Название места', NULL),
(451, 'Название места', NULL),
(452, 'Название места', NULL),
(453, 'Название места', NULL),
(454, 'Название места', NULL),
(455, 'Название места', NULL),
(456, 'Название места', NULL),
(457, 'Название места', NULL),
(458, 'Название места', NULL),
(459, 'Название места', NULL),
(460, 'Название места', NULL),
(461, 'Название места', NULL),
(462, 'Название места', NULL),
(463, 'Название места', NULL),
(464, 'Название места', NULL),
(465, 'Название места', NULL),
(466, 'Название места', NULL),
(467, 'Название места', NULL),
(468, 'Название места', NULL),
(469, 'Название места', NULL),
(470, 'Название места', NULL),
(471, 'Название места', NULL),
(472, 'Название места', NULL),
(473, 'Название места', NULL),
(474, 'Название места', NULL),
(475, 'Название места', NULL),
(476, 'Название места', NULL),
(477, 'Название места', NULL),
(478, 'Название места', NULL),
(479, 'Название места', NULL),
(480, 'Название места', NULL),
(481, 'Название места', NULL),
(482, 'Название места', NULL),
(483, 'Название места', NULL),
(484, 'Название места', NULL),
(485, 'Название места', NULL),
(486, 'Название места', NULL),
(487, 'Название места', NULL),
(488, 'Название места', NULL),
(489, 'Название места', NULL),
(490, 'Название места', NULL),
(491, 'Название места', NULL),
(492, 'Название места', NULL),
(493, 'Название места', NULL),
(494, 'Название места', NULL),
(495, 'Название места', NULL),
(496, 'Название места', NULL),
(497, 'Название места', NULL),
(498, 'Название места', NULL),
(499, 'Название места', NULL),
(500, 'Название места', NULL),
(501, 'Название места', NULL),
(502, 'Название места', NULL),
(503, 'Название места', NULL),
(504, 'Название места', NULL),
(505, 'Название места', NULL),
(506, 'Название места', NULL),
(507, 'Название места', NULL),
(508, 'Название места', NULL),
(509, 'Название места', NULL),
(510, 'Название места', NULL),
(511, 'Название места', NULL),
(512, 'Название места', NULL),
(513, 'Название места', NULL),
(514, 'Название места', NULL),
(515, 'Название места', NULL),
(516, 'Название места', NULL),
(517, 'Название места', NULL),
(518, 'Название места', NULL),
(519, 'Название места', NULL),
(520, 'Название места', NULL),
(521, 'Название места', NULL),
(522, 'Название места', NULL),
(523, 'Название места', NULL),
(524, 'Название места', NULL),
(525, 'Название места', NULL),
(526, 'Название места', NULL),
(527, 'Название места', NULL),
(528, 'Название места', NULL),
(529, 'Название места', NULL),
(530, 'Название места', NULL),
(531, 'Название места', NULL),
(532, 'Название места', NULL),
(533, 'Название места', NULL),
(534, 'Название места', NULL),
(535, 'Название места', NULL),
(536, 'Название места', NULL),
(537, 'Название места', NULL),
(538, 'Название места', NULL),
(539, 'Название места', NULL),
(540, 'Название места', NULL),
(541, 'Название места', NULL),
(542, 'Название места', NULL),
(543, 'Название места', NULL),
(544, 'Название места', NULL),
(545, 'Название места', NULL),
(546, 'Название места', NULL),
(547, 'Название места', NULL),
(548, 'Название места', NULL),
(549, 'Название места', NULL),
(550, 'Название места', NULL),
(551, 'Название места', NULL),
(552, 'Название места', NULL),
(553, 'Название места', NULL),
(554, 'Название места', NULL),
(555, 'Название места', NULL),
(556, 'Название места', NULL),
(557, 'Название места', NULL),
(558, 'Название места', NULL),
(559, 'Название места', NULL),
(560, 'Название места', NULL),
(561, 'Название места', NULL),
(562, 'Название места', NULL),
(563, 'Название места', NULL),
(564, 'Название места', NULL),
(565, 'Название места', NULL),
(566, 'Название места', NULL),
(567, 'Название места', NULL),
(568, 'Название места', NULL),
(569, 'Название места', NULL),
(570, 'Название места', NULL),
(571, 'Название места', NULL),
(572, 'Название места', NULL),
(573, 'Название места', NULL),
(574, 'Название места', NULL),
(575, 'Название места', NULL),
(576, 'Название места', NULL),
(577, 'Название места', NULL),
(578, 'Название места', NULL),
(579, 'Название места', NULL),
(580, 'Название места', NULL),
(581, 'Название места', NULL),
(582, 'Название места', NULL),
(583, 'Название места', NULL),
(584, 'Название места', NULL),
(585, 'Название места', NULL),
(586, 'Название места', NULL),
(587, 'Название места', NULL),
(588, 'Название места', NULL),
(589, 'Название места', NULL),
(590, 'Название места', NULL),
(591, 'Название места', NULL),
(592, 'Название места', NULL),
(593, 'Название места', NULL),
(594, 'Название места', NULL),
(595, 'Название места', NULL),
(596, 'Название места', NULL),
(597, 'Название места', NULL),
(598, 'Название места', NULL),
(599, 'Название места', NULL),
(600, 'Название места', NULL),
(601, 'Название места', NULL),
(602, 'Название места', NULL),
(603, 'Название места', NULL),
(604, 'Название места', NULL),
(605, 'Название места', NULL),
(606, 'Название места', NULL),
(607, 'Название места', NULL),
(608, 'Название места', NULL),
(609, 'Название места', NULL),
(610, 'Название места', NULL),
(611, 'Название места', NULL),
(612, 'Название места', NULL),
(613, 'Название места', NULL),
(614, 'Название места', NULL),
(615, 'Название места', NULL),
(616, 'Название места', NULL),
(617, 'Название места', NULL),
(618, 'Название места', NULL),
(619, 'Название места', NULL),
(620, 'Название места', NULL),
(621, 'Название места', NULL),
(622, 'Название места', NULL),
(623, 'Название места', NULL),
(624, 'Название места', NULL),
(625, 'Название места', NULL),
(626, 'Название места', NULL),
(627, 'Название места', NULL),
(628, 'Название места', NULL),
(629, 'Название места', NULL),
(630, 'Название места', NULL),
(631, 'Название места', NULL),
(632, 'Название места', NULL),
(633, 'Название места', NULL),
(634, 'Название места', NULL),
(635, 'Название места', NULL),
(636, 'Название места', NULL),
(637, 'Название места', NULL),
(638, 'Название места', NULL),
(639, 'Название места', NULL),
(640, 'Название места', NULL),
(641, 'Название места', NULL),
(642, 'Название места', NULL),
(643, 'Название места', NULL),
(644, 'Название места', NULL),
(645, 'Название места', NULL),
(646, 'Название места', NULL),
(647, 'Название места', NULL),
(648, 'Название места', NULL),
(649, 'Название места', NULL),
(650, 'Название места', NULL),
(651, 'Название места', NULL),
(652, 'Название места', NULL),
(653, 'Название места', NULL),
(654, 'Название места', NULL),
(655, 'Название места', NULL),
(656, 'Название места', NULL),
(657, 'Название места', NULL),
(658, 'Название места', NULL),
(659, 'Название места', NULL),
(660, 'Название места', NULL),
(661, 'Название места', NULL),
(662, 'Название места', NULL),
(663, 'Название места', NULL),
(664, 'Название места', NULL),
(665, 'Название места', NULL),
(666, 'Название места', NULL),
(667, 'Название места', NULL),
(668, 'Название места', NULL),
(669, 'Название места', NULL),
(670, 'Название места', NULL),
(671, 'Название места', NULL),
(672, 'Название места', NULL),
(673, 'Название места', NULL),
(674, 'Название места', NULL),
(675, 'Название места', NULL),
(676, 'Название места', NULL),
(677, 'Название места', NULL),
(678, 'Название места', NULL),
(679, 'Название места', NULL),
(680, 'Название места', NULL),
(681, 'Название места', NULL),
(682, 'Название места', NULL),
(683, 'Название места', NULL),
(684, 'Название места', NULL),
(685, 'Название места', NULL),
(686, 'Название места', NULL),
(687, 'Название места', NULL),
(688, 'Название места', NULL),
(689, 'Название места', NULL),
(690, 'Название места', NULL),
(691, 'Название места', NULL),
(692, 'Название места', NULL),
(693, 'Название места', NULL),
(694, 'Название места', NULL),
(695, 'Название места', NULL),
(696, 'Название места', NULL),
(697, 'Название места', NULL),
(698, 'Название места', NULL),
(699, 'Название места', NULL),
(700, 'Название места', NULL),
(701, 'Название места', NULL),
(702, 'Название места', NULL),
(703, 'Название места', NULL),
(704, 'Название места', NULL),
(705, 'Название места', NULL),
(706, 'Название места', NULL),
(707, 'Название места', NULL),
(708, 'Название места', NULL),
(709, 'Название места', NULL),
(710, 'Название места', NULL),
(711, 'Название места', NULL),
(712, 'Название места', NULL),
(713, 'Название места', NULL),
(714, 'Название места', NULL),
(715, 'Название места', NULL),
(716, 'Название места', NULL),
(717, 'Название места', NULL),
(718, 'Название места', NULL),
(719, 'Название места', NULL),
(720, 'Название места', NULL),
(721, 'Название места', NULL),
(722, 'Название места', NULL),
(723, 'Название места', NULL),
(724, 'Название места', NULL),
(725, 'Название места', NULL),
(726, 'Название места', NULL),
(727, 'Название места', NULL),
(728, 'Название места', NULL),
(729, 'Название места', NULL),
(730, 'Название места', NULL),
(731, 'Название места', NULL),
(732, 'Название места', NULL),
(733, 'Название места', NULL),
(734, 'Название места', NULL),
(735, 'Название места', NULL),
(736, 'Название места', NULL),
(737, 'Название места', NULL),
(738, 'Название места', NULL),
(739, 'Название места', NULL),
(740, 'Название места', NULL),
(741, 'Название места', NULL),
(742, 'Название места', NULL),
(743, 'Название места', NULL),
(744, 'Название места', NULL),
(745, 'Название места', NULL),
(746, 'Название места', NULL),
(747, 'Название места', NULL),
(748, 'Название места', NULL),
(749, 'Название места', NULL),
(750, 'Название места', NULL),
(751, 'Название места', NULL),
(752, 'Название места', NULL),
(753, 'Название места', NULL),
(754, 'Название места', NULL),
(755, 'Название места', NULL),
(756, 'Название места', NULL),
(757, 'Название места', NULL),
(758, 'Название места', NULL),
(759, 'Название места', NULL),
(760, 'Название места', NULL),
(761, 'Название места', NULL),
(762, 'Название места', NULL),
(763, 'Название места', NULL),
(764, 'Название места', NULL),
(765, 'Название места', NULL),
(766, 'Название места', NULL),
(767, 'Название места', NULL),
(768, 'Название места', NULL),
(769, 'Название места', NULL),
(770, 'Название места', NULL),
(771, 'Название места', NULL),
(772, 'Название места', NULL),
(773, 'Название места', NULL),
(774, 'Название места', NULL),
(775, 'Название места', NULL),
(776, 'Название места', NULL),
(777, 'Название места', NULL),
(778, 'Название места', NULL),
(779, 'Название места', NULL),
(780, 'Название места', NULL),
(781, 'Название места', NULL),
(782, 'Название места', NULL),
(783, 'Название места', NULL),
(784, 'Название места', NULL),
(785, 'Название места', NULL),
(786, 'Название места', NULL),
(787, 'Название места', NULL),
(788, 'Название места', NULL),
(789, 'Название места', NULL),
(790, 'Название места', NULL),
(791, 'Название места', NULL),
(792, 'Название места', NULL),
(793, 'Название места', NULL),
(794, 'Название места', NULL),
(795, 'Название места', NULL),
(796, 'Название места', NULL),
(797, 'Название места', NULL),
(798, 'Название места', NULL),
(799, 'Название места', NULL),
(800, 'Название места', NULL),
(801, 'Название места', NULL),
(802, 'Название места', NULL),
(803, 'Название места', NULL),
(804, 'Название места', NULL),
(805, 'Название места', NULL),
(806, 'Название места', NULL),
(807, 'Название места', NULL),
(808, 'Название места', NULL),
(809, 'Название места', NULL),
(810, 'Название места', NULL),
(811, 'Название места', NULL),
(812, 'Название места', NULL),
(813, 'Название места', NULL),
(814, 'Название места', NULL),
(815, 'Название места', NULL),
(816, 'Название места', NULL),
(817, 'Название места', NULL),
(818, 'Название места', NULL),
(819, 'Название места', NULL),
(820, 'Название места', NULL),
(821, 'Название места', NULL),
(822, 'Название места', NULL),
(823, 'Название места', NULL),
(824, 'Название места', NULL),
(825, 'Название места', NULL),
(826, 'Название места', NULL),
(827, 'Название места', NULL),
(828, 'Название места', NULL),
(829, 'Название места', NULL),
(830, 'Название места', NULL),
(831, 'Название места', NULL),
(832, 'Название места', NULL),
(833, 'Название места', NULL),
(834, 'Название места', NULL),
(835, 'Название места', NULL),
(836, 'Название места', NULL),
(837, 'Название места', NULL),
(838, 'Название места', NULL),
(839, 'Название места', NULL),
(840, 'Название места', NULL),
(841, 'Название места', NULL),
(842, 'Название места', NULL),
(843, 'Название места', NULL),
(844, 'Название места', NULL),
(845, 'Название места', NULL),
(846, 'Название места', NULL),
(847, 'Название места', NULL),
(848, 'Название места', NULL),
(849, 'Название места', NULL),
(850, 'Название места', NULL),
(851, 'Название места', NULL),
(852, 'Название места', NULL),
(853, 'Название места', NULL),
(854, 'Название места', NULL),
(855, 'Название места', NULL),
(856, 'Название места', NULL),
(857, 'Название места', NULL),
(858, 'Название места', NULL),
(859, 'Название места', NULL),
(860, 'Название места', NULL),
(861, 'Название места', NULL),
(862, 'Название места', NULL),
(863, 'Название места', NULL),
(864, 'Название места', NULL),
(865, 'Название места', NULL),
(866, 'Название места', NULL),
(867, 'Название места', NULL),
(868, 'Название места', NULL),
(869, 'Название места', NULL),
(870, 'Название места', NULL),
(871, 'Название места', NULL),
(872, 'Название места', NULL),
(873, 'Название места', NULL),
(874, 'Название места', NULL),
(875, 'Название места', NULL),
(876, 'Название места', NULL),
(877, 'Название места', NULL),
(878, 'Название места', NULL),
(879, 'Название места', NULL),
(880, 'Название места', NULL),
(881, 'Название места', NULL),
(882, 'Название места', NULL),
(883, 'Название места', NULL),
(884, 'Название места', NULL),
(885, 'Название места', NULL),
(886, 'Название места', NULL),
(887, 'Название места', NULL),
(888, 'Название места', NULL),
(889, 'Название места', NULL),
(890, 'Название места', NULL),
(891, 'Название места', NULL),
(892, 'Название места', NULL),
(893, 'Название места', NULL),
(894, 'Название места', NULL),
(895, 'Название места', NULL),
(896, 'Название места', NULL),
(897, 'Название места', NULL),
(898, 'Название места', NULL),
(899, 'Название места', NULL),
(900, 'Название места', NULL),
(901, 'Название места', NULL),
(902, 'Название места', NULL),
(903, 'Название места', NULL),
(904, 'Название места', NULL),
(905, 'Название места', NULL),
(906, 'Название места', NULL),
(907, 'Название места', NULL),
(908, 'Название места', NULL),
(909, 'Название места', NULL),
(910, 'Название места', NULL),
(911, 'Название места', NULL),
(912, 'Название места', NULL),
(913, 'Название места', NULL),
(914, 'Название места', NULL),
(915, 'Название места', NULL),
(916, 'Название места', NULL),
(917, 'Название места', NULL),
(918, 'Название места', NULL),
(919, 'Название места', NULL),
(920, 'Название места', NULL),
(921, 'Название места', NULL),
(922, 'Название места', NULL),
(923, 'Название места', NULL),
(924, 'Название места', NULL),
(925, 'Название места', NULL),
(926, 'Название места', NULL),
(927, 'Название места', NULL),
(928, 'Название места', NULL),
(929, 'Название места', NULL),
(930, 'Название места', NULL),
(931, 'Название места', NULL),
(932, 'Название места', NULL),
(933, 'Название места', NULL),
(934, 'Название места', NULL),
(935, 'Название места', NULL),
(936, 'Название места', NULL),
(937, 'Название места', NULL),
(938, 'Название места', NULL),
(939, 'Название места', NULL),
(940, 'Название места', NULL),
(941, 'Название места', NULL),
(942, 'Название места', NULL),
(943, 'Название места', NULL),
(944, 'Название места', NULL),
(945, 'Название места', NULL),
(946, 'Название места', NULL),
(947, 'Название места', NULL),
(948, 'Название места', NULL),
(949, 'Название места', NULL),
(950, 'Название места', NULL),
(951, 'Название места', NULL),
(952, 'Название места', NULL),
(953, 'Название места', NULL),
(954, 'Название места', NULL),
(955, 'Название места', NULL),
(956, 'Название места', NULL),
(957, 'Название места', NULL),
(958, 'Название места', NULL),
(959, 'Название места', NULL),
(960, 'Название места', NULL),
(961, 'Название места', NULL),
(962, 'Название места', NULL),
(963, 'Название места', NULL),
(964, 'Название места', NULL),
(965, 'Название места', NULL),
(966, 'Название места', NULL),
(967, 'Название места', NULL),
(968, 'Название места', NULL),
(969, 'Название места', NULL),
(970, 'Название места', NULL),
(971, 'Название места', NULL),
(972, 'Название места', NULL),
(973, 'Название места', NULL),
(974, 'Название места', NULL),
(975, 'Название места', NULL),
(976, 'Название места', NULL),
(977, 'Название места', NULL),
(978, 'Название места', NULL),
(979, 'Название места', NULL),
(980, 'Название места', NULL),
(981, 'Название места', NULL),
(982, 'Название места', NULL),
(983, 'Название места', NULL),
(984, 'Название места', NULL),
(985, 'Название места', NULL),
(986, 'Название места', NULL),
(987, 'Название места', NULL),
(988, 'Название места', NULL),
(989, 'Название места', NULL),
(990, 'Название места', NULL),
(991, 'Название места', NULL),
(992, 'Название места', NULL),
(993, 'Название места', NULL),
(994, 'Название места', NULL),
(995, 'Название места', NULL),
(996, 'Название места', NULL),
(997, 'Название места', NULL),
(998, 'Название места', NULL),
(999, 'Название места', NULL),
(1000, 'Название места', NULL),
(1001, 'Название места', NULL),
(1002, 'Название места', NULL),
(1003, 'Название места', NULL),
(1004, 'Название места', NULL),
(1005, 'Название места', NULL),
(1006, 'Название места', NULL),
(1007, 'Название места', NULL),
(1008, 'Название места', NULL),
(1009, 'Название места', NULL),
(1010, 'Название места', NULL),
(1011, 'Название места', NULL),
(1012, 'Название места', NULL),
(1013, 'Название места', NULL),
(1014, 'Название места', NULL),
(1015, 'Название места', NULL),
(1016, 'Название места', NULL),
(1017, 'Название места', NULL),
(1018, 'Название места', NULL),
(1019, 'Название места', NULL),
(1020, 'Название места', NULL),
(1021, 'Название места', NULL),
(1022, 'Название места', NULL),
(1023, 'Название места', NULL),
(1024, 'Название места', NULL),
(1025, 'Название места', NULL),
(1026, 'Название места', NULL),
(1027, 'Название места', NULL),
(1028, 'Название места', NULL),
(1029, 'Название места', NULL),
(1030, 'Название места', NULL),
(1031, 'Название места', NULL),
(1032, 'Название места', NULL),
(1033, 'Название места', NULL),
(1034, 'Название места', NULL),
(1035, 'Название места', NULL),
(1036, 'Название места', NULL),
(1037, 'Название места', NULL),
(1038, 'Название места', NULL),
(1039, 'Название места', NULL),
(1040, 'Название места', NULL),
(1041, 'Название места', NULL),
(1042, 'Название места', NULL),
(1043, 'Название места', NULL),
(1044, 'Название места', NULL),
(1045, 'Название места', NULL),
(1046, 'Название места', NULL),
(1047, 'Название места', NULL),
(1048, 'Название места', NULL),
(1049, 'Название места', NULL),
(1050, 'Название места', NULL),
(1051, 'Название места', NULL),
(1052, 'Название места', NULL),
(1053, 'Название места', NULL),
(1054, 'Название места', NULL),
(1055, 'Название места', NULL),
(1056, 'Название места', NULL),
(1057, 'Название места', NULL),
(1058, 'Название места', NULL),
(1059, 'Название места', NULL),
(1060, 'Название места', NULL),
(1061, 'Название места', NULL),
(1062, 'Название места', NULL),
(1063, 'Название места', NULL),
(1064, 'Название места', NULL),
(1065, 'Название места', NULL),
(1066, 'Название места', NULL),
(1067, 'Название места', NULL),
(1068, 'Название места', NULL),
(1069, 'Название места', NULL),
(1070, 'Название места', NULL),
(1071, 'Название места', NULL),
(1072, 'Название места', NULL),
(1073, 'Название места', NULL),
(1074, 'Название места', NULL),
(1075, 'Название места', NULL),
(1076, 'Название места', NULL),
(1077, 'Название места', NULL),
(1078, 'Название места', NULL),
(1079, 'Название места', NULL),
(1080, 'Название места', NULL),
(1081, 'Название места', NULL),
(1082, 'Название места', NULL),
(1083, 'Название места', NULL),
(1084, 'Название места', NULL),
(1085, 'Название места', NULL),
(1086, 'Название места', NULL),
(1087, 'Название места', NULL),
(1088, 'Название места', NULL),
(1089, 'Название места', NULL),
(1090, 'Название места', NULL),
(1091, 'Название места', NULL),
(1092, 'Название места', NULL),
(1093, 'Название места', NULL),
(1094, 'Название места', NULL),
(1095, 'Название места', NULL),
(1096, 'Название места', NULL),
(1097, 'Название места', NULL),
(1098, 'Название места', NULL),
(1099, 'Название места', NULL),
(1100, 'Название места', NULL),
(1101, 'Название места', NULL),
(1102, 'Название места', NULL),
(1103, 'Название места', NULL),
(1104, 'Название места', NULL),
(1105, 'Название места', NULL),
(1106, 'Название места', NULL),
(1107, 'Название места', NULL),
(1108, 'Название места', NULL),
(1109, 'Название места', NULL),
(1110, 'Название места', NULL),
(1111, 'Название места', NULL),
(1112, 'Название места', NULL),
(1113, 'Название места', NULL),
(1114, 'Название места', NULL),
(1115, 'Название места', NULL),
(1116, 'Название места', NULL),
(1117, 'Название места', NULL),
(1118, 'Название места', NULL),
(1119, 'Название места', NULL),
(1120, 'Название места', NULL),
(1121, 'Название места', NULL),
(1122, 'Название места', NULL),
(1123, 'Название места', NULL),
(1124, 'Название места', NULL),
(1125, 'Название места', NULL),
(1126, 'Название места', NULL),
(1127, 'Название места', NULL),
(1128, 'Название места', NULL),
(1129, 'Название места', NULL),
(1130, 'Название места', NULL),
(1131, 'Название места', NULL),
(1132, 'Название места', NULL),
(1133, 'Название места', NULL),
(1134, 'Название места', NULL),
(1135, 'Название места', NULL),
(1136, 'Название места', NULL),
(1137, 'Название места', NULL),
(1138, 'Название места', NULL),
(1139, 'Название места', NULL),
(1140, 'Название места', NULL),
(1141, 'Название места', NULL),
(1142, 'Название места', NULL),
(1143, 'Название места', NULL),
(1144, 'Название места', NULL),
(1145, 'Название места', NULL),
(1146, 'Название места', NULL),
(1147, 'Название места', NULL),
(1148, 'Название места', NULL),
(1149, 'Название места', NULL),
(1150, 'Название места', NULL),
(1151, 'Название места', NULL),
(1152, 'Название места', NULL),
(1153, 'Название места', NULL),
(1154, 'Название места', NULL),
(1155, 'Название места', NULL),
(1156, 'Название места', NULL),
(1157, 'Название места', NULL),
(1158, 'Название места', NULL),
(1159, 'Название места', NULL),
(1160, 'Название места', NULL),
(1161, 'Название места', NULL),
(1162, 'Название места', NULL),
(1163, 'Название места', NULL),
(1164, 'Название места', NULL),
(1165, 'Название места', NULL),
(1166, 'Название места', NULL),
(1167, 'Название места', NULL),
(1168, 'Название места', NULL),
(1169, 'Название места', NULL),
(1170, 'Название места', NULL),
(1171, 'Название места', NULL),
(1172, 'Название места', NULL),
(1173, 'Название места', NULL),
(1174, 'Название места', NULL),
(1175, 'Название места', NULL),
(1176, 'Название места', NULL),
(1177, 'Название места', NULL),
(1178, 'Название места', NULL),
(1179, 'Название места', NULL),
(1180, 'Название места', NULL),
(1181, 'Название места', NULL),
(1182, 'Название места', NULL),
(1183, 'Название места', NULL),
(1184, 'Название места', NULL),
(1185, 'Название места', NULL),
(1186, 'Название места', NULL),
(1187, 'Название места', NULL);
INSERT INTO `seats` (`id`, `title`, `seat_color_id`) VALUES
(1188, 'Название места', NULL),
(1189, 'Название места', NULL),
(1190, 'Название места', NULL),
(1191, 'Название места', NULL),
(1192, 'Название места', NULL),
(1193, 'Название места', NULL),
(1194, 'Название места', NULL),
(1195, 'Название места', NULL),
(1196, 'Название места', NULL),
(1197, 'Название места', NULL),
(1198, 'Название места', NULL),
(1199, 'Название места', NULL),
(1200, 'Название места', NULL),
(1201, 'Название места', NULL),
(1202, 'Название места', NULL),
(1203, 'Название места', NULL),
(1204, 'Название места', NULL),
(1205, 'Название места', NULL),
(1206, 'Название места', NULL),
(1207, 'Название места', NULL),
(1208, 'Название места', NULL),
(1209, 'Название места', NULL),
(1210, 'Название места', NULL),
(1211, 'Название места', NULL),
(1212, 'Название места', NULL),
(1213, 'Название места', NULL),
(1214, 'Название места', NULL),
(1215, 'Название места', NULL),
(1216, 'Название места', NULL),
(1217, 'Название места', NULL),
(1218, 'Название места', NULL),
(1219, 'Название места', NULL),
(1220, 'Название места', NULL),
(1221, 'Название места', NULL),
(1222, 'Название места', NULL),
(1223, 'Название места', NULL),
(1224, 'Название места', NULL),
(1225, 'Название места', NULL),
(1226, 'Название места', NULL),
(1227, 'Название места', NULL),
(1228, 'Название места', NULL),
(1229, 'Название места', NULL),
(1230, 'Название места', NULL),
(1231, 'Название места', NULL),
(1232, 'Название места', NULL),
(1233, 'Название места', NULL),
(1234, 'Название места', NULL),
(1235, 'Название места', NULL),
(1236, 'Название места', NULL),
(1237, 'Название места', NULL),
(1238, 'Название места', NULL),
(1239, 'Название места', NULL),
(1240, 'Название места', NULL),
(1241, 'Название места', NULL),
(1242, 'Название места', NULL),
(1243, 'Название места', NULL),
(1244, 'Название места', NULL),
(1245, 'Название места', NULL),
(1246, 'Название места', NULL),
(1247, 'Название места', NULL),
(1248, 'Название места', NULL),
(1249, 'Название места', NULL),
(1250, 'Название места', NULL),
(1251, 'Название места', NULL),
(1252, 'Название места', NULL),
(1253, 'Название места', NULL),
(1254, 'Название места', NULL),
(1255, 'Название места', NULL),
(1256, 'Название места', NULL),
(1257, 'Название места', NULL),
(1258, 'Название места', NULL),
(1259, 'Название места', NULL),
(1260, 'Название места', NULL),
(1261, 'Название места', NULL),
(1262, 'Название места', NULL),
(1263, 'Название места', NULL),
(1264, 'Название места', NULL),
(1265, 'Название места', NULL),
(1266, 'Название места', NULL),
(1267, 'Название места', NULL),
(1268, 'Название места', NULL),
(1269, 'Название места', NULL),
(1270, 'Название места', NULL),
(1271, 'Название места', NULL),
(1272, 'Название места', NULL),
(1273, 'Название места', NULL),
(1274, 'Название места', NULL),
(1275, 'Название места', NULL),
(1276, 'Название места', NULL),
(1277, 'Название места', NULL),
(1278, 'Название места', NULL),
(1279, 'Название места', NULL),
(1280, 'Название места', NULL),
(1281, 'Название места', NULL),
(1282, 'Название места', NULL),
(1283, 'Название места', NULL),
(1284, 'Название места', NULL),
(1285, 'Название места', NULL),
(1286, 'Название места', NULL),
(1287, 'Название места', NULL),
(1288, 'Название места', NULL),
(1289, 'Название места', NULL),
(1290, 'Название места', NULL),
(1291, 'Название места', NULL),
(1292, 'Название места', NULL),
(1293, 'Название места', NULL),
(1294, 'Название места', NULL),
(1295, 'Название места', NULL),
(1296, 'Название места', NULL),
(1297, 'Название места', NULL),
(1298, 'Название места', NULL),
(1299, 'Название места', NULL),
(1300, 'Название места', NULL),
(1301, 'Название места', NULL),
(1302, 'Название места', NULL),
(1303, 'Название места', NULL),
(1304, 'Название места', NULL),
(1305, 'Название места', NULL),
(1306, 'Название места', NULL),
(1307, 'Название места', NULL),
(1308, 'Название места', NULL),
(1309, 'Название места', NULL),
(1310, 'Название места', NULL),
(1311, 'Название места', NULL),
(1312, 'Название места', NULL),
(1313, 'Название места', NULL),
(1314, 'Название места', NULL),
(1315, 'Название места', NULL),
(1316, 'Название места', NULL),
(1317, 'Название места', NULL),
(1318, 'Название места', NULL),
(1319, 'Название места', NULL),
(1320, 'Название места', NULL),
(1321, 'Название места', NULL),
(1322, 'Название места', NULL),
(1323, 'Название места', NULL),
(1324, 'Название места', NULL),
(1325, 'Название места', NULL),
(1326, 'Название места', NULL),
(1327, 'Название места', NULL),
(1328, 'Название места', NULL),
(1329, 'Название места', NULL),
(1330, 'Название места', NULL),
(1331, 'Название места', NULL),
(1332, 'Название места', NULL),
(1333, 'Название места', NULL),
(1334, 'Название места', NULL),
(1335, 'Название места', NULL),
(1336, 'Название места', NULL),
(1337, 'Название места', NULL),
(1338, 'Название места', NULL),
(1339, 'Название места', NULL),
(1340, 'Название места', NULL),
(1341, 'Название места', NULL),
(1342, 'Название места', NULL),
(1343, 'Название места', NULL),
(1344, 'Название места', NULL),
(1345, 'Название места', NULL),
(1346, 'Название места', NULL),
(1347, 'Название места', NULL),
(1348, 'Название места', NULL),
(1349, 'Название места', NULL),
(1350, 'Название места', NULL),
(1351, 'Название места', NULL),
(1352, 'Название места', NULL),
(1353, 'Название места', NULL),
(1354, 'Название места', NULL),
(1355, 'Название места', NULL),
(1356, 'Название места', NULL),
(1357, 'Название места', NULL),
(1358, 'Название места', NULL),
(1359, 'Название места', NULL),
(1360, 'Название места', NULL),
(1361, 'Название места', NULL),
(1362, 'Название места', NULL),
(1363, 'Название места', NULL),
(1364, 'Название места', NULL),
(1365, 'Название места', NULL),
(1366, 'Название места', NULL),
(1367, 'Название места', NULL),
(1368, 'Название места', NULL),
(1369, 'Название места', NULL),
(1370, 'Название места', NULL),
(1371, 'Название места', NULL),
(1372, 'Название места', NULL),
(1373, 'Название места', NULL),
(1374, 'Название места', NULL),
(1375, 'Название места', NULL),
(1376, 'Название места', NULL),
(1377, 'Название места', NULL),
(1378, 'Название места', NULL),
(1379, 'Название места', NULL),
(1380, 'Название места', NULL),
(1381, 'Название места', NULL),
(1382, 'Название места', NULL),
(1383, 'Название места', NULL),
(1384, 'Название места', NULL),
(1385, 'Название места', NULL),
(1386, 'Название места', NULL),
(1387, 'Название места', NULL),
(1388, 'Название места', NULL),
(1389, 'Название места', NULL),
(1390, 'Название места', NULL),
(1391, 'Название места', NULL),
(1392, 'Название места', NULL),
(1393, 'Название места', NULL),
(1394, 'Название места', NULL),
(1395, 'Название места', NULL),
(1396, 'Название места', NULL),
(1397, 'Название места', NULL),
(1398, 'Название места', NULL),
(1399, 'Название места', NULL),
(1400, 'Название места', NULL),
(1401, 'Название места', NULL),
(1402, 'Название места', NULL),
(1403, 'Название места', NULL),
(1404, 'Название места', NULL),
(1405, 'Название места', NULL),
(1406, 'Название места', NULL),
(1407, 'Название места', NULL),
(1408, 'Название места', NULL),
(1409, 'Название места', NULL),
(1410, 'Название места', NULL),
(1411, 'Название места', NULL),
(1412, 'Название места', NULL),
(1413, 'Название места', NULL),
(1414, 'Название места', NULL),
(1415, 'Название места', NULL),
(1416, 'Название места', NULL),
(1417, 'Название места', NULL),
(1418, 'Название места', NULL),
(1419, 'Название места', NULL),
(1420, 'Название места', NULL),
(1421, 'Название места', NULL),
(1422, 'Название места', NULL),
(1423, 'Название места', NULL),
(1424, 'Название места', NULL),
(1425, 'Название места', NULL),
(1426, 'Название места', NULL),
(1427, 'Название места', NULL),
(1428, 'Название места', NULL),
(1429, 'Название места', NULL),
(1430, 'Название места', NULL),
(1431, 'Название места', NULL),
(1432, 'Название места', NULL),
(1433, 'Название места', NULL),
(1434, 'Название места', NULL),
(1435, 'Название места', NULL),
(1436, 'Название места', NULL),
(1437, 'Название места', NULL),
(1438, 'Название места', NULL),
(1439, 'Название места', NULL),
(1440, 'Название места', NULL),
(1441, 'Название места', NULL),
(1442, 'Название места', NULL),
(1443, 'Название места', NULL),
(1444, 'Название места', NULL),
(1445, 'Название места', NULL),
(1446, 'Название места', NULL),
(1447, 'Название места', NULL),
(1448, 'Название места', NULL),
(1449, 'Название места', NULL),
(1450, 'Название места', NULL),
(1451, 'Название места', NULL),
(1452, 'Название места', NULL),
(1453, 'Название места', NULL),
(1454, 'Название места', NULL),
(1455, 'Название места', NULL),
(1456, 'Название места', NULL),
(1457, 'Название места', NULL),
(1458, 'Название места', NULL),
(1459, 'Название места', NULL),
(1460, 'Название места', NULL),
(1461, 'Название места', NULL),
(1462, 'Название места', NULL),
(1463, 'Название места', NULL),
(1464, 'Название места', NULL),
(1465, 'Название места', NULL),
(1466, 'Название места', NULL),
(1467, 'Название места', NULL),
(1468, 'Название места', NULL),
(1469, 'Название места', NULL),
(1470, 'Название места', NULL),
(1471, 'Название места', NULL),
(1472, 'Название места', NULL),
(1473, 'Название места', NULL),
(1474, 'Название места', NULL),
(1475, 'Название места', NULL),
(1476, 'Название места', NULL),
(1477, 'Название места', NULL),
(1478, 'Название места', NULL),
(1479, 'Название места', NULL),
(1480, 'Название места', NULL),
(1481, 'Название места', NULL),
(1482, 'Название места', NULL),
(1483, 'Название места', NULL),
(1484, 'Название места', NULL),
(1485, 'Название места', NULL),
(1486, 'Название места', NULL),
(1487, 'Название места', NULL),
(1488, 'Название места', NULL),
(1489, 'Название места', NULL),
(1490, 'Название места', NULL),
(1491, 'Название места', NULL),
(1492, 'Название места', NULL),
(1493, 'Название места', NULL),
(1494, 'Название места', NULL),
(1495, 'Название места', NULL),
(1496, 'Название места', NULL),
(1497, 'Название места', NULL),
(1498, 'Название места', NULL),
(1499, 'Название места', NULL),
(1500, 'Название места', NULL),
(1501, 'Название места', NULL),
(1502, 'Название места', NULL),
(1503, 'Название места', NULL),
(1504, 'Название места', NULL),
(1505, 'Название места', NULL),
(1506, 'Название места', NULL),
(1507, 'Название места', NULL),
(1508, 'Название места', NULL),
(1509, 'Название места', NULL),
(1510, 'Название места', NULL),
(1511, 'Название места', NULL),
(1512, 'Название места', NULL),
(1513, 'Название места', NULL),
(1514, 'Название места', NULL),
(1515, 'Название места', NULL),
(1516, 'Название места', NULL),
(1517, 'Название места', NULL),
(1518, 'Название места', NULL),
(1519, 'Название места', NULL),
(1520, 'Название места', NULL),
(1521, 'Название места', NULL),
(1522, 'Название места', NULL),
(1523, 'Название места', NULL),
(1524, 'Название места', NULL),
(1525, 'Название места', NULL),
(1526, 'Название места', NULL),
(1527, 'Название места', NULL),
(1528, 'Название места', NULL),
(1529, 'Название места', NULL),
(1530, 'Название места', NULL),
(1531, 'Название места', NULL),
(1532, 'Название места', NULL),
(1533, 'Название места', NULL),
(1534, 'Название места', NULL),
(1535, 'Название места', NULL),
(1536, 'Название места', NULL),
(1537, 'Название места', NULL),
(1538, 'Название места', NULL),
(1539, 'Название места', NULL),
(1540, 'Название места', NULL),
(1541, 'Название места', NULL),
(1542, 'Название места', NULL),
(1543, 'Название места', NULL),
(1544, 'Название места', NULL),
(1545, 'Название места', NULL),
(1546, 'Название места', NULL),
(1547, 'Название места', NULL),
(1548, 'Название места', NULL),
(1549, 'Название места', NULL),
(1550, 'Название места', NULL),
(1551, 'Название места', NULL),
(1552, 'Название места', NULL),
(1553, 'Название места', NULL),
(1554, 'Название места', NULL),
(1555, 'Название места', NULL),
(1556, 'Название места', NULL),
(1557, 'Название места', NULL),
(1558, 'Название места', NULL),
(1559, 'Название места', NULL),
(1560, 'Название места', NULL),
(1561, 'Название места', NULL),
(1562, 'Название места', NULL),
(1563, 'Название места', NULL),
(1564, 'Название места', NULL),
(1565, 'Название места', NULL),
(1566, 'Название места', NULL),
(1567, 'Название места', NULL),
(1568, 'Название места', NULL),
(1569, 'Название места', NULL),
(1570, 'Название места', NULL),
(1571, 'Название места', NULL),
(1572, 'Название места', NULL),
(1573, 'Название места', NULL),
(1574, 'Название места', NULL),
(1575, 'Название места', NULL),
(1576, 'Название места', NULL),
(1577, 'Название места', NULL),
(1578, 'Название места', NULL),
(1579, 'Название места', NULL),
(1580, 'Название места', NULL),
(1581, 'Название места', NULL),
(1582, 'Название места', NULL),
(1583, 'Название места', NULL),
(1584, 'Название места', NULL),
(1585, 'Название места', NULL),
(1586, 'Название места', NULL),
(1587, 'Название места', NULL),
(1588, 'Название места', NULL),
(1589, 'Название места', NULL),
(1590, 'Название места', NULL),
(1591, 'Название места', NULL),
(1592, 'Название места', NULL),
(1593, 'Название места', NULL),
(1594, 'Название места', NULL),
(1595, 'Название места', NULL),
(1596, 'Название места', NULL),
(1597, 'Название места', NULL),
(1598, 'Название места', NULL),
(1599, 'Название места', NULL),
(1600, 'Название места', NULL),
(1601, 'Название места', NULL),
(1602, 'Название места', NULL),
(1603, 'Название места', NULL),
(1604, 'Название места', NULL),
(1605, 'Название места', NULL),
(1606, 'Название места', NULL),
(1607, 'Название места', NULL),
(1608, 'Название места', NULL),
(1609, 'Название места', NULL),
(1610, 'Название места', NULL),
(1611, 'Название места', NULL),
(1612, 'Название места', NULL),
(1613, 'Название места', NULL),
(1614, 'Название места', NULL),
(1615, 'Название места', NULL),
(1616, 'Название места', NULL),
(1617, 'Название места', NULL),
(1618, 'Название места', NULL),
(1619, 'Название места', NULL),
(1620, 'Название места', NULL),
(1621, 'Название места', NULL),
(1622, 'Название места', NULL),
(1623, 'Название места', NULL),
(1624, 'Название места', NULL),
(1625, 'Название места', NULL),
(1626, 'Название места', NULL),
(1627, 'Название места', NULL),
(1628, 'Название места', NULL),
(1629, 'Название места', NULL),
(1630, 'Название места', NULL),
(1631, 'Название места', NULL),
(1632, 'Название места', NULL),
(1633, 'Название места', NULL),
(1634, 'Название места', NULL),
(1635, 'Название места', NULL),
(1636, 'Название места', NULL),
(1637, 'Название места', NULL),
(1638, 'Название места', NULL),
(1639, 'Название места', NULL),
(1640, 'Название места', NULL),
(1641, 'Название места', NULL),
(1642, 'Название места', NULL),
(1643, 'Название места', NULL),
(1644, 'Название места', NULL),
(1645, 'Название места', NULL),
(1646, 'Название места', NULL),
(1647, 'Название места', NULL),
(1648, 'Название места', NULL),
(1649, 'Название места', NULL),
(1650, 'Название места', NULL),
(1651, 'Название места', NULL),
(1652, 'Название места', NULL),
(1653, 'Название места', NULL),
(1654, 'Название места', NULL),
(1655, 'Название места', NULL),
(1656, 'Название места', NULL),
(1657, 'Название места', NULL),
(1658, 'Название места', NULL),
(1659, 'Название места', NULL),
(1660, 'Название места', NULL),
(1661, 'Название места', NULL),
(1662, 'Название места', NULL),
(1663, 'Название места', NULL),
(1664, 'Название места', NULL),
(1665, 'Название места', NULL),
(1666, 'Название места', NULL),
(1667, 'Название места', NULL),
(1668, 'Название места', NULL),
(1669, 'Название места', NULL),
(1670, 'Название места', NULL),
(1671, 'Название места', NULL),
(1672, 'Название места', NULL),
(1673, 'Название места', NULL),
(1674, 'Название места', NULL),
(1675, 'Название места', NULL),
(1676, 'Название места', NULL),
(1677, 'Название места', NULL),
(1678, 'Название места', NULL),
(1679, 'Название места', NULL),
(1680, 'Название места', NULL),
(1681, 'Название места', NULL),
(1682, 'Название места', NULL),
(1683, 'Название места', NULL),
(1684, 'Название места', NULL),
(1685, 'Название места', NULL),
(1686, 'Название места', NULL),
(1687, 'Название места', NULL),
(1688, 'Название места', NULL),
(1689, 'Название места', NULL),
(1690, 'Название места', NULL),
(1691, 'Название места', NULL),
(1692, 'Название места', NULL),
(1693, 'Название места', NULL),
(1694, 'Название места', NULL),
(1695, 'Название места', NULL),
(1696, 'Название места', NULL),
(1697, 'Название места', NULL),
(1698, 'Название места', NULL),
(1699, 'Название места', NULL),
(1700, 'Название места', NULL),
(1701, 'Название места', NULL),
(1702, 'Название места', NULL),
(1703, 'Название места', NULL),
(1704, 'Название места', NULL),
(1705, 'Название места', NULL),
(1706, 'Название места', NULL),
(1707, 'Название места', NULL),
(1708, 'Название места', NULL),
(1709, 'Название места', NULL),
(1710, 'Название места', NULL),
(1711, 'Название места', NULL),
(1712, 'Название места', NULL),
(1713, 'Название места', NULL),
(1714, 'Название места', NULL),
(1715, 'Название места', NULL),
(1716, 'Название места', NULL),
(1717, 'Название места', NULL),
(1718, 'Название места', NULL),
(1719, 'Название места', NULL),
(1720, 'Название места', NULL),
(1721, 'Название места', NULL),
(1722, 'Название места', NULL),
(1723, 'Название места', NULL),
(1724, 'Название места', NULL),
(1725, 'Название места', NULL),
(1726, 'Название места', NULL),
(1727, 'Название места', NULL),
(1728, 'Название места', NULL),
(1729, 'Название места', NULL),
(1730, 'Название места', NULL),
(1731, 'Название места', NULL),
(1732, 'Название места', NULL),
(1733, 'Название места', NULL),
(1734, 'Название места', NULL),
(1735, 'Название места', NULL),
(1736, 'Название места', NULL),
(1737, 'Название места', NULL),
(1738, 'Название места', NULL),
(1739, 'Название места', NULL),
(1740, 'Название места', NULL),
(1741, 'Название места', NULL),
(1742, 'Название места', NULL),
(1743, 'Название места', NULL),
(1744, 'Название места', NULL),
(1745, 'Название места', NULL),
(1746, 'Название места', NULL),
(1747, 'Название места', NULL),
(1748, 'Название места', NULL),
(1749, 'Название места', NULL),
(1750, 'Название места', NULL),
(1751, 'Название места', NULL),
(1752, 'Название места', NULL),
(1753, 'Название места', NULL),
(1754, 'Название места', NULL),
(1755, 'Название места', NULL),
(1756, 'Название места', NULL),
(1757, 'Название места', NULL),
(1758, 'Название места', NULL),
(1759, 'Название места', NULL),
(1760, 'Название места', NULL),
(1761, 'Название места', NULL),
(1762, 'Название места', NULL),
(1763, 'Название места', NULL),
(1764, 'Название места', NULL),
(1765, 'Название места', NULL),
(1766, 'Название места', NULL),
(1767, 'Название места', NULL),
(1768, 'Название места', NULL),
(1769, 'Название места', NULL),
(1770, 'Название места', NULL),
(1771, 'Название места', NULL),
(1772, 'Название места', NULL),
(1773, 'Название места', NULL),
(1774, 'Название места', NULL),
(1775, 'Название места', NULL),
(1776, 'Название места', NULL),
(1777, 'Название места', NULL),
(1778, 'Название места', NULL),
(1779, 'Название места', NULL),
(1780, 'Название места', NULL),
(1781, 'Название места', NULL),
(1782, 'Название места', NULL),
(1783, 'Название места', NULL),
(1784, 'Название места', NULL),
(1785, 'Название места', NULL),
(1786, 'Название места', NULL),
(1787, 'Название места', NULL),
(1788, 'Название места', NULL),
(1789, 'Название места', NULL),
(1790, 'Название места', NULL),
(1791, 'Название места', NULL),
(1792, 'Название места', NULL),
(1793, 'Название места', NULL),
(1794, 'Название места', NULL),
(1795, 'Название места', NULL),
(1796, 'Название места', NULL),
(1797, 'Название места', NULL),
(1798, 'Название места', NULL),
(1799, 'Название места', NULL),
(1800, 'Название места', NULL),
(1801, 'Название места', NULL),
(1802, 'Название места', NULL),
(1803, 'Название места', NULL),
(1804, 'Название места', NULL);

--
-- Очистить таблицу перед добавлением данных `seat_colors`
--

TRUNCATE TABLE `seat_colors`;
--
-- Дамп данных таблицы `seat_colors`
--

INSERT INTO `seat_colors` (`id`, `hex`) VALUES
(1, '#a61280'),
(2, '#00963f'),
(3, '#ffee00'),
(4, '#009fe3'),
(5, '#e3010f');

--
-- Очистить таблицу перед добавлением данных `seat_colors_price`
--

TRUNCATE TABLE `seat_colors_price`;
--
-- Дамп данных таблицы `seat_colors_price`
--

INSERT INTO `seat_colors_price` (`id`, `seat_color_id`, `representation_id`, `price`) VALUES
(1, 1, 1, 60),
(2, 2, 1, 80),
(3, 3, 1, 100),
(4, 4, 1, 120),
(5, 5, 1, 150);

--
-- Очистить таблицу перед добавлением данных `users`
--

TRUNCATE TABLE `users`;
--
-- Дамп данных таблицы `users`
--

INSERT INTO `users` (`id`, `name`, `email`, `password`, `user_group_id`) VALUES
(1, 'Кассир №1', 'serg.tkachenko@hotmail.com', '$2a$08$xJyhdiuFqrPpnix0bBpf6u89K5Sf4o80M6pSOD8e9Ofvzf.uHFQsK', 1);

--
-- Очистить таблицу перед добавлением данных `user_group`
--

TRUNCATE TABLE `user_group`;
--
-- Дамп данных таблицы `user_group`
--

INSERT INTO `user_group` (`id`, `title`) VALUES
(1, 'кассир');
SET FOREIGN_KEY_CHECKS=1;

/*!40101 SET CHARACTER_SET_CLIENT=@OLD_CHARACTER_SET_CLIENT */;
/*!40101 SET CHARACTER_SET_RESULTS=@OLD_CHARACTER_SET_RESULTS */;
/*!40101 SET COLLATION_CONNECTION=@OLD_COLLATION_CONNECTION */;
